Ticker,Name,Weight,Market Value,Sector,Country
0001.HK,CK HUTCHISON HOLDINGS LTD,0.03,USD 1894835.35,Industrials,KY
0101.HK,HANG LUNG PROPERTIES LTD,0.01,USD 540766.59,Real Estate,HK
1038.HK,CHEUNG KONG INFRASTRUCTURE HOLDING,0.01,USD 631877.91,Utilities,BM
0011.HK,HANG SENG BANK LTD,0.02,USD 1386102.49,Financials,HK
1113.HK,CK ASSET HOLDINGS LTD,0.02,USD 1270047.38,Real Estate,KY
0012.HK,HENDERSON LAND DEVELOPMENT LTD,0.01,USD 669122.05,Real Estate,HK
0083.HK,SINO LAND COMPANY LTD,,,Real Estate,HK
1299.HK,AIA GROUP LTD,0.23,USD 14271533.49,Financials,HK
1308.HK,SITC INTERNATIONAL HOLDINGS LTD,0.01,USD 616816.06,Industrials,KY
0016.HK,SUN HUNG KAI PROPERTIES LTD,0.03,USD 1905483.57,Real Estate,HK
1605.T,INPEX CORP,0.01,USD 570789.15,Energy,JP
0017.HK,NEW WORLD DEVELOPMENT COMPANY LTD,0.01,USD 757929.84,Real Estate,HK
1801.T,TAISEI CORP,0.01,USD 802442.93,Industrials,JP
1802.T,OBAYASHI CORP,0.01,USD 603390.82,Industrials,JP
1803.T,SHIMIZU CORP,0.01,USD 534377.60,Industrials,JP
1812.T,KAJIMA CORP,0.01,USD 633306.19,Industrials,JP
1821.HK,ESR CAYMAN LTD,0.01,USD 383935.74,Real Estate,KY
1876.HK,BUDWEISER BREWING COMPANY APAC LTD,0,USD 282362.35,Consumer Staples,KY
1878.T,DAITO TRUST CONSTRUCTION LTD,0.01,USD 837385.06,Real Estate,JP
0019.HK,SWIRE PACIFIC LTD A,0.01,USD 414457.83,Real Estate,HK
1925.T,DAIWA HOUSE INDUSTRY LTD,0.03,USD 2035664.94,Real Estate,JP
1928.HK,SANDS CHINA LTD,0.01,USD 599044.11,Consumer Discretionary,KY
1928.T,SEKISUI HOUSE LTD,0.02,USD 1444825.93,Consumer Discretionary,JP
1929.HK,CHOW TAI FOOK JEWELLERY GROUP LTD,0.01,USD 425286.94,Consumer Discretionary,KY
1972.HK,SWIRE PROPERTIES LTD,0.01,USD 339670.36,Real Estate,HK
1997.HK,WHARF REAL ESTATE INVESTMENT COMPA,0.02,USD 1027469.88,Real Estate,KY
1COV.DE,COVESTRO AG,0.02,USD 1320295.67,Materials,DE
0002.HK,CLP HOLDINGS LTD,0.02,USD 1415068.27,Utilities,HK
2002.T,NISSHIN SEIFUN GROUP INC,0.01,USD 418533.33,Consumer Staples,JP
2127.T,NIHON M&A CENTER INC,0.02,USD 1053863.40,Industrials,JP
2181.T,PERSOL HOLDINGS LTD,0.01,USD 599926.80,Industrials,JP
2267.T,YAKULT HONSHA LTD,0.01,USD 828345.30,Consumer Staples,JP
2269.T,MEIJI HOLDINGS LTD,0.01,USD 764554.65,Consumer Staples,JP
2282.T,NH FOODS LTD,0.01,USD 534059.20,Consumer Staples,JP
2331.T,SOHGO SECURITY SERVICES LTD,0.01,USD 333336.38,Industrials,JP
2371.T,KAKAKU.COM INC,0.01,USD 371050.83,Communication,JP
2388.HK,BOC HONG KONG HOLDINGS LTD,0.02,USD 1151585.54,Financials,HK
2413.T,M3 INC,0.06,USD 3638570.84,Health Care,JP
2433.T,HAKUHODO DY HOLDINGS INC,0.01,USD 417226.77,Communication,JP
2502.T,ASAHI GROUP HOLDINGS LTD,0.04,USD 2495946.75,Consumer Staples,JP
2503.T,KIRIN HOLDINGS LTD,0.03,USD 1565159.89,Consumer Staples,JP
2587.T,SUNTORY BEVERAGE & FOOD LTD,0,USD 217530.54,Consumer Staples,JP
2593.T,ITO EN LTD,0.01,USD 372423.26,Consumer Staples,JP
2638.HK,HK ELECTRIC INVESTMENTS UNITS LTD,0.01,USD 340163.86,Utilities,HK
2651.T,LAWSON INC,0.01,USD 317855.35,Consumer Staples,JP
2670.T,ABC MART INC,0,USD 283681.78,Consumer Discretionary,JP
0027.HK,GALAXY ENTERTAINMENT GROUP LTD,0.02,USD 1197455.42,Consumer Discretionary,HK
2702.T,MCDONALDS HOLDINGS (JAPAN) LTD,0,USD 261366.03,Consumer Discretionary,JP
2801.T,KIKKOMAN CORP,0.03,USD 1572487.31,Consumer Staples,JP
2802.T,AJINOMOTO INC,0.02,USD 1429179.74,Consumer Staples,JP
2875.T,TOYO SUISAN LTD,0.01,USD 395855.25,Consumer Staples,JP
0288.HK,WH GROUP LTD,0.01,USD 657547.31,Consumer Staples,KY
2897.T,NISSIN FOODS HOLDINGS LTD,0.01,USD 529356.33,Consumer Staples,JP
2914.T,JAPAN TOBACCO INC,0.04,USD 2494377.60,Consumer Staples,JP
0003.HK,HONG KONG AND CHINA GAS LTD,0.03,USD 1831838.18,Utilities,HK
3003.T,HULIC LTD,0,USD 294628.30,Real Estate,JP
3038.T,KOBE BUSSAN LTD,0.01,USD 567500.80,Consumer Staples,JP
3064.T,MONOTARO LTD,0.01,USD 487788.10,Industrials,JP
3092.T,ZOZO INC,0,USD 259060.34,Consumer Discretionary,JP
3141.T,WELCIA HOLDINGS LTD,0.01,USD 339228.69,Consumer Staples,JP
3231.T,NOMURA REAL ESTATE HOLDINGS INC,0,USD 251264.93,Real Estate,JP
3281.T,GLP J-REIT REIT,0.01,USD 633369.32,Real Estate,JP
3283.T,NIPPON PROLOGIS REIT INC,0.01,USD 848172.38,Real Estate,JP
3291.T,IIDA GROUP HOLDINGS LTD,0.01,USD 641301.07,Consumer Discretionary,JP
3349.T,COSMOS PHARMACEUTICAL CORP,0.01,USD 453360.17,Consumer Staples,JP
3382.T,SEVEN & I HOLDINGS LTD,0.06,USD 3478151.79,Consumer Staples,JP
3391.T,TSURUHA HOLDINGS INC,0.01,USD 658877.35,Consumer Staples,JP
3402.T,TORAY INDUSTRIES INC,0.02,USD 1053765.41,Materials,JP
3407.T,ASAHI KASEI CORP,0.02,USD 1407241.41,Materials,JP
3436.T,SUMCO CORP,0.01,USD 552673.04,Information Technology,JP
3462.T,NOMURA REAL ESTATE MASTER FUND REI,0.01,USD 624996.57,Real Estate,JP
3626.T,TIS INC,0.01,USD 513975.94,Information Technology,JP
3635.T,KOEI TECMO HOLDINGS LTD,0.01,USD 574476.42,Communication,JP
3659.T,NEXON LTD,0.02,USD 934900.96,Communication,JP
3769.T,GMO PAYMENT GATEWAY INC,0.01,USD 481586.53,Information Technology,JP
3861.T,OJI HOLDINGS CORP,0.01,USD 540570.02,Materials,JP
0388.HK,HONG KONG EXCHANGES AND CLEARING L,0.13,USD 8102731.95,Financials,HK
4005.T,SUMITOMO CHEMICAL LTD,0.02,USD 1030186.19,Materials,JP
4021.T,NISSAN CHEMICAL CORP,0.01,USD 840871.04,Materials,JP
4042.T,TOSOH CORP,0.01,USD 544276.50,Materials,JP
4062.T,IBIDEN LTD,0.01,USD 589322.48,Information Technology,JP
4063.T,SHIN ETSU CHEMICAL LTD,0.11,USD 6827778.03,Materials,JP
4091.T,NIPPON SANSO HOLDINGS CORP,0.01,USD 605132.90,Materials,JP
4151.T,KYOWA KIRIN LTD,0.01,USD 888457.84,Health Care,JP
4183.T,MITSUI CHEMICALS INC,0.01,USD 867770.71,Materials,JP
4185.T,JSR CORP,0.01,USD 917855.35,Materials,JP
4188.T,MITSUBISHI CHEMICAL CORP,0.02,USD 1258394.25,Materials,JP
4204.T,SEKISUI CHEMICAL LTD,0.01,USD 689416.72,Consumer Discretionary,JP
4307.T,NOMURA RESEARCH INSTITUTE LTD,0.02,USD 1156727.21,Information Technology,JP
4324.T,DENTSU GROUP INC,0.02,USD 940720.07,Communication,JP
4385.T,MERCARI INC,0.01,USD 532869.76,Consumer Discretionary,JP
4452.T,KAO CORP,0.05,USD 3174142.46,Consumer Staples,JP
4502.T,TAKEDA PHARMACEUTICAL LTD,0.09,USD 5524769.18,Health Care,JP
4503.T,ASTELLAS PHARMA INC,0.05,USD 3133043.60,Health Care,JP
4506.T,DAINIPPON SUMITOMO PHARMA LTD,0.01,USD 447059.79,Health Care,JP
4507.T,SHIONOGI LTD,0.03,USD 1633194.57,Health Care,JP
4516.T,NIPPON SHINYAKU LTD,0.01,USD 552779.18,Health Care,JP
4519.T,CHUGAI PHARMACEUTICAL LTD,0.04,USD 2638964.27,Health Care,JP
4523.T,EISAI LTD,0.03,USD 1815241.32,Health Care,JP
4528.T,ONO PHARMACEUTICAL LTD,0.02,USD 971023.38,Health Care,JP
4530.T,HISAMITSU PHARMACEUTICAL INC,0,USD 148954.66,Health Care,JP
4536.T,SANTEN PHARMACEUTICAL LTD,0.01,USD 547106.46,Health Care,JP
4543.T,TERUMO CORP,0.05,USD 3170456.11,Health Care,JP
4568.T,DAIICHI SANKYO LTD,0.07,USD 4308460.13,Health Care,JP
4578.T,OTSUKA HOLDINGS LTD,0.03,USD 1732250.33,Health Care,JP
4581.T,TAISHO PHARMACEUTICAL HOLDINGS LTD,0.01,USD 331122.19,Health Care,JP
4587.T,PEPTIDREAM INC,0.01,USD 386952.74,Health Care,JP
4612.T,NIPPON PAINT HOLDINGS LTD,0.02,USD 1164514.39,Materials,JP
4613.T,KANSAI PAINT LTD,0.01,USD 658721.81,Materials,JP
4661.T,ORIENTAL LAND LTD,0.05,USD 3352028.91,Consumer Discretionary,JP
4684.T,OBIC LTD,0.03,USD 1622215.11,Information Technology,JP
4689.T,Z HOLDINGS CORP,0.03,USD 1965549.66,Communication,JP
4704.T,TREND MICRO INC,0.01,USD 917773.00,Information Technology,JP
4716.T,ORACLE JAPAN CORP,0.01,USD 363502.45,Information Technology,JP
4732.T,USS LTD,0.01,USD 435083.03,Consumer Discretionary,JP
4739.T,ITOCHU TECHNO-SOLUTIONS CORP,0.01,USD 392479.07,Information Technology,JP
4751.T,CYBER AGENT INC,0.02,USD 1129456.97,Communication,JP
4755.T,RAKUTEN GROUP INC,0.01,USD 749946.48,Consumer Discretionary,JP
4768.T,OTSUKA CORP,0.01,USD 577684.25,Information Technology,JP
4901.T,FUJIFILM HOLDINGS CORP,0.06,USD 3628656.39,Information Technology,JP
4911.T,SHISEIDO LTD,0.05,USD 2886134.77,Consumer Staples,JP
4912.T,LION CORP,0.01,USD 404161.22,Consumer Staples,JP
4922.T,KOSE CORP,0.01,USD 559769.43,Consumer Staples,JP
4927.T,POLA ORBIS HOLDINGS INC,0,USD 308713.12,Consumer Staples,JP
4967.T,KOBAYASHI PHARMACEUTICAL LTD,0.01,USD 559348.55,Consumer Staples,JP
5019.T,IDEMITSU KOSAN LTD,0.01,USD 576073.29,Energy,JP
5020.T,ENEOS HOLDINGS INC,0.02,USD 1229225.67,Energy,JP
5108.T,BRIDGESTONE CORP,0.04,USD 2740348.60,Consumer Discretionary,JP
5201.T,AGC INC,0.02,USD 1265181.39,Industrials,JP
5332.T,TOTO LTD,0.01,USD 701175.72,Industrials,JP
5333.T,NGK INSULATORS LTD,0.01,USD 422888.51,Industrials,JP
5401.T,NIPPON STEEL CORP,0.02,USD 1460674.32,Materials,JP
5411.T,JFE HOLDINGS INC,0.01,USD 854459.95,Materials,JP
5486.T,HITACHI METALS LTD,0.01,USD 467964.68,Materials,JP
5713.T,SUMITOMO METAL MINING LTD,0.02,USD 950519.24,Materials,JP
5802.T,SUMITOMO ELECTRIC INDUSTRIES LTD,0.02,USD 936081.25,Consumer Discretionary,JP
5938.T,LIXIL CORP,0.01,USD 714250.42,Industrials,JP
5947.T,RINNAI CORP,0.01,USD 490049.87,Consumer Discretionary,JP
6.HK,POWER ASSETS HOLDINGS LTD,0.01,USD 724131.73,Utilities,HK
6005.T,MIURA LTD,0.01,USD 406807.26,Industrials,JP
6098.T,RECRUIT HOLDINGS LTD,0.14,USD 8967621.57,Industrials,JP
6146.T,DISCO CORP,0.01,USD 894276.96,Information Technology,JP
6178.T,JAPAN POST HOLDINGS LTD,0.02,USD 1457047.07,Financials,JP
6201.T,TOYOTA INDUSTRIES CORP,0.02,USD 1343611.33,Consumer Discretionary,JP
6268.T,NABTESCO CORP,0.01,USD 600301.94,Industrials,JP
6273.T,SMC (JAPAN) CORP,0.07,USD 4542202.30,Industrials,JP
6301.T,KOMATSU LTD,0.04,USD 2194313.56,Industrials,JP
6305.T,HITACHI CONSTRUCTION MACHINERY LTD,0.01,USD 509515.53,Industrials,JP
6324.T,HARMONIC DRIVE SYSTEMS INC,0.01,USD 340216.84,Industrials,JP
6326.T,KUBOTA CORP,0.04,USD 2683958.10,Industrials,JP
6367.T,DAIKIN INDUSTRIES LTD,0.11,USD 6725755.98,Industrials,JP
6370.T,KURITA WATER INDUSTRIES LTD,0.01,USD 430074.57,Industrials,JP
6383.T,DAIFUKU LTD,0.02,USD 1132933.80,Industrials,JP
6448.T,BROTHER INDUSTRIES LTD,0.01,USD 560730.13,Information Technology,JP
6465.T,HOSHIZAKI CORP,0.01,USD 357052.02,Industrials,JP
6471.T,NSK LTD,0.01,USD 405224.39,Industrials,JP
6479.T,MINEBEA MITSUMI INC,0.02,USD 1146713.02,Industrials,JP
6481.T,THK LTD,0.01,USD 385651.68,Industrials,JP
6501.T,HITACHI LTD,0.09,USD 5775435.29,Industrials,JP
6502.T,TOSHIBA CORP,0.03,USD 1685712.98,Industrials,JP
6503.T,MITSUBISHI ELECTRIC CORP,0.05,USD 2835703.37,Industrials,JP
6504.T,FUJI ELECTRIC LTD,0.01,USD 701312.96,Industrials,JP
6506.T,YASKAWA ELECTRIC CORP,0.02,USD 1328331.58,Industrials,JP
6586.T,MAKITA CORP,0.02,USD 1487295.85,Industrials,JP
6594.T,NIDEC CORP,0.09,USD 5607145.80,Industrials,JP
66.HK,MTR CORPORATION CORP LTD,0.01,USD 665253.01,Industrials,HK
6645.T,OMRON CORP,0.03,USD 2144654.38,Information Technology,JP
669.HK,TECHTRONIC INDUSTRIES LTD,0.05,USD 2917102.01,Industrials,HK
6701.T,NEC CORP,0.02,USD 1354462.69,Information Technology,JP
6702.T,FUJITSU LTD,0.07,USD 4219227.78,Information Technology,JP
6723.T,RENESAS ELECTRONICS CORP,0.02,USD 1500617.59,Information Technology,JP
6724.T,SEIKO EPSON CORP,0.01,USD 505419.28,Information Technology,JP
6752.T,PANASONIC CORP,0.04,USD 2752195.43,Consumer Discretionary,JP
6753.T,SHARP CORP,0,USD 284302.12,Consumer Discretionary,JP
6758.T,SONY GROUP CORP,0.23,USD 14252802.05,Consumer Discretionary,JP
6762.T,TDK CORP,0.02,USD 1535568.87,Information Technology,JP
6806.T,HIROSE ELECTRIC LTD,0.01,USD 527817.83,Information Technology,JP
6823.HK,HKT TRUST AND HKT UNITS LTD,0.01,USD 474471.63,Communication,HK
6841.T,YOKOGAWA ELECTRIC CORP,0.01,USD 438784.94,Information Technology,JP
6845.T,AZBIL CORP,0.01,USD 445875.84,Information Technology,JP
6857.T,ADVANTEST CORP,0.04,USD 2493343.70,Information Technology,JP
6861.T,KEYENCE CORP,0.21,USD 13209672.90,Information Technology,JP
6869.T,SYSMEX CORP,0.03,USD 2144494.26,Health Care,JP
6902.T,DENSO CORP,0.05,USD 3203902.28,Consumer Discretionary,JP
6920.T,LASERTEC CORP,0.03,USD 1932952.10,Information Technology,JP
6923.T,STANLEY ELECTRIC LTD,0.01,USD 478909.37,Consumer Discretionary,JP
6952.T,CASIO COMPUTER LTD,0.01,USD 406992.09,Consumer Discretionary,JP
6954.T,FANUC CORP,0.08,USD 5115549.66,Industrials,JP
6963.T,ROHM LTD,0.02,USD 935642.07,Information Technology,JP
6965.T,HAMAMATSU PHOTONICS,0.02,USD 987419.37,Information Technology,JP
6971.T,KYOCERA CORP,0.03,USD 1846075.30,Information Technology,JP
6981.T,MURATA MANUFACTURING LTD,0.09,USD 5534457.20,Information Technology,JP
6988.T,NITTO DENKO CORP,0.02,USD 1335449.93,Materials,JP
7011.T,MITSUBISHI HEAVY INDUSTRIES LTD,0.01,USD 701592.02,Industrials,JP
7181.T,JAPAN POST INSURANCE LTD,0,USD 136891.90,Financials,JP
7182.T,JAPAN POST BANK LTD,0.01,USD 312187.20,Financials,JP
7186.T,CONCORDIA FINANCIAL GROUP LTD,0.01,USD 382974.52,Financials,JP
7201.T,NISSAN MOTOR LTD,0.02,USD 1153231.90,Consumer Discretionary,JP
7202.T,ISUZU MOTORS LTD,0.01,USD 640302.85,Consumer Discretionary,JP
7203.T,TOYOTA MOTOR CORP,0.32,USD 19752903.61,Consumer Discretionary,JP
7205.T,HINO MOTORS LTD,0,USD 220807.91,Industrials,JP
7259.T,AISIN CORP,0.02,USD 929832.11,Consumer Discretionary,JP
7261.T,MAZDA MOTOR CORP,0.01,USD 549851.32,Consumer Discretionary,JP
7267.T,HONDA MOTOR LTD,0.08,USD 5019080.47,Consumer Discretionary,JP
7269.T,SUZUKI MOTOR CORP,0.03,USD 1641560.91,Consumer Discretionary,JP
7270.T,SUBARU CORP,0.02,USD 1261985.45,Consumer Discretionary,JP
7272.T,YAMAHA MOTOR LTD,0.01,USD 691385.70,Consumer Discretionary,JP
7276.T,KOITO MANUFACTURING LTD,0.01,USD 901697.24,Consumer Discretionary,JP
7309.T,SHIMANO INC,0.04,USD 2641996.43,Consumer Discretionary,JP
7453.T,RYOHIN KEIKAKU LTD,0.01,USD 562689.97,Consumer Discretionary,JP
7459.T,MEDIPAL HOLDINGS CORP,0.01,USD 480812.48,Health Care,JP
7532.T,PAN PACIFIC INTERNATIONAL HOLDINGS,0.02,USD 961266.30,Consumer Discretionary,JP
7701.T,SHIMADZU CORP,0.02,USD 1180255.27,Information Technology,JP
7733.T,OLYMPUS CORP,0.04,USD 2559992.68,Health Care,JP
7741.T,HOYA CORP,0.1,USD 6455578.94,Health Care,JP
7747.T,ASAHI INTECC LTD,0.01,USD 716428.02,Health Care,JP
7751.T,CANON INC,0.04,USD 2618381.44,Information Technology,JP
7752.T,RICOH LTD,0.01,USD 706594.08,Information Technology,JP
7832.T,BANDAI NAMCO HOLDINGS INC,0.03,USD 1903216.07,Consumer Discretionary,JP
7911.T,TOPPAN PRINTING INC,0.01,USD 444664.44,Industrials,JP
7912.T,DAI NIPPON PRINTING LTD,0.01,USD 676179.15,Industrials,JP
7951.T,YAMAHA CORP,0.01,USD 753190.91,Consumer Discretionary,JP
7956.T,PIGEON CORP,0.01,USD 422709.18,Consumer Staples,JP
7974.T,NINTENDO LTD,0.09,USD 5325147.54,Communication,JP
8001.T,ITOCHU CORP,0.06,USD 3765368.96,Industrials,JP
8002.T,MARUBENI CORP,0.02,USD 1424101.01,Industrials,JP
8015.T,TOYOTA TSUSHO CORP,0.02,USD 1067020.45,Industrials,JP
8031.T,MITSUI LTD,0.06,USD 3942124.53,Industrials,JP
8035.T,TOKYO ELECTRON LTD,0.12,USD 7698458.30,Information Technology,JP
8053.T,SUMITOMO CORP,0.03,USD 1684476.87,Industrials,JP
8058.T,MITSUBISHI CORP,0.07,USD 4233281.49,Industrials,JP
8113.T,UNICHARM CORP,0.03,USD 1934507.53,Consumer Staples,JP
823.HK,LINK REAL ESTATE INVESTMENT TRUST,0.03,USD 1909461.85,Real Estate,HK
8267.T,AEON LTD,0.03,USD 1941234.27,Consumer Staples,JP
83.HK,SINO LAND LTD,0.01,USD 673535.74,Real Estate,HK
8306.T,MITSUBISHI UFJ FINANCIAL GROUP INC,0.12,USD 7396422.07,Financials,JP
8308.T,RESONA HOLDINGS INC,0.01,USD 857122.47,Financials,JP
8309.T,SUMITOMO MITSUI TRUST HOLDINGS INC,0.02,USD 1091020.63,Financials,JP
8316.T,SUMITOMO MITSUI FINANCIAL GROUP IN,0.07,USD 4556713.04,Financials,JP
8331.T,CHIBA BANK LTD,0.01,USD 562781.46,Financials,JP
8355.T,SHIZUOKA BANK LTD,0.01,USD 407146.71,Financials,JP
8411.T,MIZUHO FINANCIAL GROUP INC,0.06,USD 3596747.68,Financials,JP
8473.T,SBI HOLDINGS INC,0.01,USD 621161.54,Financials,JP
8591.T,ORIX CORP,0.04,USD 2732411.36,Financials,JP
8593.T,MITSUBISHI HC CAPITAL INC,0,USD 284292.05,Financials,JP
8601.T,DAIWA SECURITIES GROUP INC,0.02,USD 1132408.44,Financials,JP
8604.T,NOMURA HOLDINGS INC,0.03,USD 1595660.73,Financials,JP
8630.T,SOMPO HOLDINGS INC,0.03,USD 1629033.35,Financials,JP
868.HK,XINYI GLASS HOLDINGS LTD,0.01,USD 646721.29,Industrials,KY
8697.T,JAPAN EXCHANGE GROUP INC,0.02,USD 1442078.78,Financials,JP
8725.T,MS&AD INSURANCE GROUP HOLDINGS INC,0.03,USD 1770342.65,Financials,JP
8750.T,DAI-ICHI LIFE HOLDINGS INC,0.04,USD 2612891.72,Financials,JP
8766.T,TOKIO MARINE HOLDINGS INC,0.06,USD 3696303.58,Financials,JP
8795.T,T&D HOLDINGS INC,0.02,USD 947823.78,Financials,JP
880.HK,SJM HLDGS LTD,0,USD 155365.03,Consumer Discretionary,HK
8801.T,MITSUI FUDOSAN LTD,0.03,USD 1916236.79,Real Estate,JP
8802.T,MITSUBISHI ESTATE CO LTD,0.03,USD 1999426.78,Real Estate,JP
8830.T,SUMITOMO REALTY & DEVELOPMENT LTD,0.02,USD 1084437.53,Real Estate,JP
8951.T,NIPPON BUILDING FUND REIT INC,0.02,USD 1169257.51,Real Estate,JP
8952.T,JAPAN REAL ESTATE INVESTMENT TRUST,0.01,USD 665318.63,Real Estate,JP
8953.T,JAPAN METROPOLITAN FUND INVESTMENT,0.01,USD 459064.92,Real Estate,JP
8954.T,ORIX JREIT REIT INC,0.01,USD 428114.74,Real Estate,JP
8960.T,UNITED URBAN INVESTMENT REIT CORP,0.01,USD 317649.48,Real Estate,JP
8984.T,DAIWA HOUSE REIT CORP,0.01,USD 705119.17,Real Estate,JP
9001.T,TOBU RAILWAY LTD,0.01,USD 625622.40,Industrials,JP
9005.T,TOKYU CORP,0.01,USD 713472.71,Industrials,JP
9007.T,ODAKYU ELECTRIC RAILWAY LTD,0.01,USD 566142.09,Industrials,JP
9008.T,KEIO CORP,0.01,USD 724516.22,Industrials,JP
9009.T,KEISEI ELECTRIC RAILWAY LTD,0.01,USD 510421.34,Industrials,JP
9020.T,EAST JAPAN RAILWAY,0.03,USD 1840310.65,Industrials,JP
9021.T,WEST JAPAN RAILWAY,0.01,USD 927805.48,Industrials,JP
9022.T,CENTRAL JAPAN RAILWAY,0.04,USD 2254554.19,Industrials,JP
9041.T,KINTETSU GROUP HOLDINGS LTD,0.01,USD 637837.96,Industrials,JP
9042.T,HANKYU HANSHIN HOLDINGS INC,0.01,USD 743647.93,Industrials,JP
9062.T,NIPPON EXPRESS LTD,0.01,USD 501468.50,Industrials,JP
9064.T,YAMATO HOLDINGS LTD,0.01,USD 641736.58,Industrials,JP
9101.T,NIPPON YUSEN,0.02,USD 1410997.76,Industrials,JP
9143.T,SG HOLDINGS LTD,0.01,USD 842010.16,Industrials,JP
9201.T,JAPAN AIRLINES LTD,0,USD 279226.86,Industrials,JP
9202.T,ANA HOLDINGS INC,0,USD 215087.61,Industrials,JP
9432.T,NIPPON TELEGRAPH AND TELEPHONE COR,0.06,USD 3690289.58,Communication,JP
9433.T,KDDI CORP,0.1,USD 6036525.92,Communication,JP
9434.T,SOFTBANK CORP,0.07,USD 4311979.51,Communication,JP
9435.T,HIKARI TSUSHIN INC,0.01,USD 358287.20,Consumer Discretionary,JP
9501.T,TOKYO ELECTRIC POWER HOLDINGS INC,0.01,USD 344802.60,Utilities,JP
9502.T,CHUBU ELECTRIC POWER INC,0.01,USD 852851.46,Utilities,JP
9503.T,KANSAI ELECTRIC POWER INC,0.01,USD 705960.93,Utilities,JP
9506.T,TOHOKU ELECTRIC POWER INC,0,USD 285534.56,Utilities,JP
9531.T,TOKYO GAS LTD,0.01,USD 908968.28,Utilities,JP
9532.T,OSAKA GAS LTD,0.01,USD 765579.40,Utilities,JP
9533.T,TOHO GAS LTD,0.01,USD 333967.70,Utilities,JP
9602.T,TOHO (TOKYO) LTD,0.01,USD 505329.61,Communication,JP
9613.T,NTT DATA CORP,0.02,USD 1408756.12,Information Technology,JP
9684.T,SQUARE ENIX HLDG LTD,0.01,USD 580630.40,Communication,JP
9697.T,CAPCOM LTD,0.01,USD 506519.05,Communication,JP
9719.T,SCSK CORP,0.01,USD 550949.27,Information Technology,JP
9735.T,SECOM LTD,0.03,USD 1859881.97,Industrials,JP
9766.T,KONAMI HOLDINGS CORP,0.01,USD 761068.67,Communication,JP
9831.T,YAMADA HOLDINGS LTD,0.01,USD 310876.07,Consumer Discretionary,JP
9843.T,NITORI HOLDINGS LTD,0.03,USD 1875035.45,Consumer Discretionary,JP
9962.T,MISUMI GROUP INC,0.02,USD 1057221.28,Industrials,JP
9983.T,FAST RETAILING LTD,0.07,USD 4099419.00,Consumer Discretionary,JP
9984.T,SOFTBANK GROUP CORP,0.12,USD 7641892.13,Communication,JP
A,AGILENT TECHNOLOGIES INC,0.09,USD 5626451.25,Health Care,US
A17U.SI,ASCENDAS REAL ESTATE INVESTMENT TR,0.01,USD 846280.54,Real Estate,SG
AAL.L,ANGLO AMERICAN PLC,0.09,USD 5353702.63,Materials,GB
AAP,ADVANCE AUTO PARTS INC,0.03,USD 1575650.61,Consumer Discretionary,US
AAPL,APPLE INC,4.12,USD 255246065.48,Information Technology,US
ABBN.SW,ABB LTD,0.11,USD 6524547.42,Industrials,CH
ABBV,ABBVIE INC,0.32,USD 19686130.36,Health Care,US
ABC,AMERISOURCEBERGEN CORP,0.03,USD 1843347.40,Health Care,US
ABDN.L,ABRDN PLC,0.01,USD 801793.00,Financials,GB
ABF.L,ASSOCIATED BRITISH FOODS PLC,0.01,USD 874990.39,Consumer Staples,GB
ABI.BR,ANHEUSER BUSCH INBEV SA,0.07,USD 4434960.29,Consumer Staples,BE
ABMD,ABIOMED INC,0.02,USD 1475417.72,Health Care,US
ABN.AS,ABN AMRO BANK NV,0.01,USD 488446.24,Financials,NL
ABNB,AIRBNB INC CLASS A,0.03,USD 1767015.77,Consumer Discretionary,US
ABT,ABBOTT LABORATORIES,0.38,USD 23339084.34,Health Care,US
ABX.TO,BARRICK GOLD CORP,0.06,USD 3668212.42,Materials,CA
AC.PA,ACCOR SA,0.01,USD 617276.18,Consumer Discretionary,FR
AC.TO,AIR CANADA VOTING AND VARIABLE VOT,0,USD 236629.17,Industrials,CA
ACA.PA,CREDIT AGRICOLE SA,0.03,USD 1584292.64,Financials,FR
ACGL,ARCH CAPITAL GROUP LTD,0.03,USD 1639337.14,Financials,BM
ACN,ACCENTURE PLC CLASS A,0.36,USD 22572908.91,Information Technology,IE
ACO.X.TO,ATCO LTD CLASS I,0,USD 137638.23,Utilities,CA
ACS.MC,ACS ACTIVIDADES DE CONSTRUCCION Y,0.01,USD 862528.99,Industrials,ES
AD.AS,KONINKLIJKE AHOLD DELHAIZE NV,0.06,USD 3812661.14,Consumer Staples,NL
ADBE,ADOBE INC,0.52,USD 32308962.84,Information Technology,US
ADE.OL,ADEVINTA,0.01,USD 443765.76,Communication,NO
ADEN.SW,ADECCO GROUP AG,0.01,USD 827975.59,Industrials,CH
ADI,ANALOG DEVICES INC,0.15,USD 9590415.36,Information Technology,US
ADM,ARCHER DANIELS MIDLAND,0.06,USD 3520688.76,Consumer Staples,US
ADM.L,ADMIRAL GROUP PLC,0.02,USD 1216065.95,Financials,GB
ADP,AUTOMATIC DATA PROCESSING INC,0.15,USD 8993923.56,Information Technology,US
ADP.PA,AEROPORTS DE PARIS SA,0.01,USD 337966.55,Industrials,FR
ADS.DE,ADIDAS N AG,0.11,USD 6515596.05,Consumer Discretionary,DE
ADSK,AUTODESK INC,0.11,USD 6529776.84,Information Technology,US
ADYEN.AS,ADYEN NV,0.1,USD 6068035.34,Information Technology,NL
AEE,AMEREN CORP,0.03,USD 2062411.78,Utilities,US
AEM.TO,AGNICO EAGLE MINES LTD,0.02,USD 1333928.51,Materials,CA
AENA.MC,AENA SME SA,0.01,USD 908535.99,Industrials,ES
AEP,AMERICAN ELECTRIC POWER INC,0.07,USD 4346064.78,Utilities,US
AES,AES CORP,0.03,USD 1728060.14,Utilities,US
AFG,AMERICAN FINANCIAL GROUP INC,0.02,USD 1005889.80,Financials,US
AFL,AFLAC INC,0.06,USD 3851507.58,Financials,US
AFX.DE,CARL ZEISS MEDITEC AG,0.02,USD 1170923.69,Health Care,DE
AGL.AX,AGL ENERGY LTD,0.01,USD 322916.00,Utilities,AU
AGN.AS,AEGON NV,0.02,USD 936409.74,Financials,NL
AGNC,AGNC INVESTMENT REIT CORP,0.01,USD 617779.68,Financials,US
AGS.BR,AGEAS SA,0.02,USD 1155686.33,Financials,BE
AHT.L,ASHTEAD GROUP PLC,0.06,USD 4000632.51,Industrials,GB
AI.PA,LAIR LIQUIDE SOCIETE ANONYME POUR,0.13,USD 8253781.63,Materials,FR
AIA.NZ,AUCKLAND INTERNATIONAL AIRPORT LTD,0.01,USD 756441.50,Industrials,NZ
AIG,AMERICAN INTERNATIONAL GROUP INC,0.08,USD 5024319.30,Financials,US
AIR.AS,AIRBUS GROUP,0.13,USD 8030445.03,Industrials,NL
AIZ,ASSURANT INC,0.01,USD 716122.79,Financials,US
AJG,ARTHUR J GALLAGHER,0.05,USD 3014763.87,Financials,US
AKAM,AKAMAI TECHNOLOGIES INC,0.03,USD 1813875.76,Information Technology,US
AKE.PA,ARKEMA SA,0.01,USD 927338.24,Materials,FR
AKZA.AS,AKZO NOBEL NV,0.04,USD 2625485.76,Materials,NL
ALA.TO,ALTAGAS LTD,0.01,USD 548063.82,Utilities,CA
ALB,ALBEMARLE CORP,0.05,USD 3208099.78,Materials,US
ALC.SW,ALCON AG,0.07,USD 4637415.00,Health Care,CH
ALD.AX,AMPOL LTD,0.01,USD 607993.50,Energy,AU
ALFA.ST,ALFA LAVAL,0.02,USD 1203855.64,Industrials,SE
ALGN,ALIGN TECHNOLOGY INC,0.09,USD 5784764.64,Health Care,US
ALL,ALLSTATE CORP,0.06,USD 3933316.92,Financials,US
ALL.AX,ARISTOCRAT LEISURE LTD,0.03,USD 2067149.45,Consumer Discretionary,AU
ALLE,ALLEGION PLC,0.02,USD 1358016.57,Industrials,IE
ALLY,ALLY FINANCIAL INC,0.04,USD 2262873.69,Financials,US
ALNY,ALNYLAM PHARMACEUTICALS INC,0.03,USD 2147583.40,Health Care,US
ALO.PA,ALSTOM SA,0.02,USD 962859.37,Industrials,FR
ALV,AUTOLIV INC,0.01,USD 584763.12,Consumer Discretionary,US
ALV.DE,ALLIANZ,0.16,USD 9890504.12,Financials,DE
AM.PA,DASSAULT AVIATION SA,0,USD 258648.18,Industrials,FR
AMAT,APPLIED MATERIAL INC,0.21,USD 13232262.39,Information Technology,US
AMBU-B.CO,AMBU CLASS B,0.01,USD 557472.73,Health Care,DK
AMC,AMC ENTERTAINMENT HOLDINGS INC CLA,0.04,USD 2412681.56,Communication,US
AMCR,AMCOR PLC,0.03,USD 2055498.40,Materials,JE
AMD,ADVANCED MICRO DEVICES INC,0.22,USD 13524086.40,Information Technology,US
AME,AMETEK INC,0.05,USD 3002124.06,Industrials,US
AMGN,AMGEN INC,0.21,USD 12838913.67,Health Care,US
AMP,AMERIPRISE FINANCE INC,0.05,USD 3374327.53,Financials,US
AMP.MI,AMPLIFON,0.01,USD 508161.39,Health Care,IT
AMS.MC,AMADEUS IT GROUP SA,0.04,USD 2578303.48,Information Technology,ES
AMT,AMERICAN TOWER REIT CORP,0.22,USD 13590429.94,Real Estate,US
AMUN.PA,AMUNDI SA,0.01,USD 529205.48,Financials,FR
AMZN,AMAZON COM INC,2.61,USD 161916201.36,Consumer Discretionary,US
ANET,ARISTA NETWORKS INC,0.04,USD 2218237.28,Information Technology,US
ANSS,ANSYS INC,0.05,USD 3162038.25,Information Technology,US
ANTM,ANTHEM INC,0.15,USD 9513182.52,Health Care,US
ANTO.L,ANTOFAGASTA PLC,0.01,USD 754816.03,Materials,GB
ANZ.AX,AUSTRALIA AND NEW ZEALAND BANKING,0.1,USD 6026727.71,Financials,AU
AON,AON PLC CLASS A,0.11,USD 7064284.96,Financials,IE
AOS,A O SMITH CORP,0.01,USD 880190.22,Industrials,US
APA.AX,APA GROUP UNITS,0.01,USD 864179.94,Utilities,AU
APD,AIR PRODUCTS AND CHEMICALS INC,0.1,USD 6069948.50,Materials,US
APH,AMPHENOL CORP CLASS A,0.08,USD 4689281.70,Information Technology,US
APO,APOLLO GLOBAL MANAGEMENT INC CLASS,0.01,USD 920470.12,Financials,US
APT.AX,AFTERPAY LTD,0.03,USD 1913838.75,Information Technology,AU
APTV,APTIV PLC,0.07,USD 4133664.65,Consumer Discretionary,JE
AQN.TO,ALGONQUIN POWER UTILITIES CORP,0.01,USD 809069.19,Utilities,CA
ARE,ALEXANDRIA REAL ESTATE EQUITIES RE,0.04,USD 2565175.64,Real Estate,US
ARGX.AS,ARGENX,0.02,USD 1422856.32,Health Care,NL
ARMK,ARAMARK,0.01,USD 699101.75,Consumer Discretionary,US
ARW,ARROW ELECTRONICS INC,0.02,USD 975184.06,Information Technology,US
ASM.AS,ASM INTERNATIONAL NV,0.03,USD 2136780.65,Information Technology,NL
ASML.AS,ASML HOLDING NV,0.61,USD 38032807.80,Information Technology,NL
ASSA-B.ST,ASSA ABLOY B,0.05,USD 3078332.37,Industrials,SE
AST.AX,AUSNET SERVICES,0.01,USD 467906.87,Utilities,AU
ASX.AX,ASX LTD,0.02,USD 1143679.46,Financials,AU
AT1.DE,AROUNDTOWN SA,0.01,USD 912686.67,Real Estate,DE
ATCO-A.ST,ATLAS COPCO CLASS A,0.08,USD 4831045.54,Industrials,SE
ATCO-B.ST,ATLAS COPCO CLASS B,0.04,USD 2375903.53,Industrials,SE
ATD-B.TO,ALIMENTATION COUCHE TARD SUB VOTIN,0.06,USD 3737833.17,Consumer Staples,CA
ATH,ATHENE HOLDING LTD CLASS A,0.02,USD 1282418.82,Financials,BM
ATL.MI,ATLANTIA,0.02,USD 1011923.79,Industrials,IT
ATM.NZ,THE A2 MILK COMPANY LTD,0,USD 282619.52,Consumer Staples,NZ
ATO,ATMOS ENERGY CORP,0.02,USD 1091915.52,Utilities,US
ATO.PA,ATOS,0.01,USD 502382.67,Information Technology,FR
ATUS,ALTICE USA INC CLASS A,0.01,USD 806380.68,Communication,US
ATVI,ACTIVISION BLIZZARD INC,0.1,USD 6148180.75,Communication,US
AUTO.L,AUTO TRADER GROUP PLC,0.02,USD 992217.10,Communication,GB
AV.L,AVIVA PLC,0.03,USD 2167116.90,Financials,GB
AVB,AVALONBAY COMMUNITIES REIT INC,0.05,USD 3142904.00,Real Estate,US
AVGO,BROADCOM INC,0.34,USD 21123115.86,Information Technology,US
AVLR,AVALARA INC,0.03,USD 1737378.00,Information Technology,US
AVTR,AVANTOR INC,0.04,USD 2278224.28,Health Care,US
AVV.L,AVEVA GROUP PLC,0.01,USD 628579.91,Information Technology,GB
AVY,AVERY DENNISON CORP,0.03,USD 1946024.85,Materials,US
AWK,AMERICAN WATER WORKS INC,0.06,USD 3529569.35,Utilities,US
AXP,AMERICAN EXPRESS,0.19,USD 11484826.56,Financials,US
AZJ.AX,AURIZON HOLDINGS LTD,0.01,USD 438483.90,Industrials,AU
AZN.L,ASTRAZENECA PLC,0.29,USD 17824327.75,Health Care,GB
AZO,AUTOZONE INC,0.06,USD 3547911.84,Consumer Discretionary,US
AZRG.TA,AZRIELI GROUP LTD,0.01,USD 586537.89,Real Estate,IL
BA,BOEING,0.2,USD 12224464.30,Industrials,US
BA.L,BAE SYSTEMS PLC,0.04,USD 2372431.52,Industrials,GB
BAC,BANK OF AMERICA CORP,0.51,USD 31553130.78,Financials,US
BAER.SW,JULIUS BAER GRUPPE AG,0.03,USD 1567075.71,Financials,CH
BAH,BOOZ ALLEN HAMILTON HOLDING CORP C,0.02,USD 1158970.60,Industrials,US
BALD-B.ST,FASTIGHETS BALDER B,0.01,USD 619317.46,Real Estate,SE
BALN.SW,BALOISE HOLDING AG,0.01,USD 771119.30,Financials,CH
BAM.A.TO,BROOKFIELD ASSET MANAGEMENT INC CL,0.12,USD 7434889.91,Financials,CA
BARC.L,BARCLAYS PLC,0.07,USD 4270504.85,Financials,GB
BARN.SW,BARRY CALLEBAUT AG,0.01,USD 563442.31,Consumer Staples,CH
BAS.DE,BASF N,0.12,USD 7244957.45,Materials,DE
BATS.L,BRITISH AMERICAN TOBACCO PLC,0.13,USD 8268967.22,Consumer Staples,GB
BAX,BAXTER INTERNATIONAL INC,0.07,USD 4497152.41,Health Care,US
BAYN.DE,BAYER AG,0.09,USD 5529520.90,Health Care,DE
BB.TO,BLACKBERRY LTD,0.01,USD 526333.00,Information Technology,CA
BBVA.MC,BANCO BILBAO VIZCAYA ARGENTARIA SA,0.07,USD 4511737.38,Financials,ES
BBWI,BATH AND BODY WORKS INC,0.03,USD 1611654.88,Consumer Discretionary,US
BBY,BEST BUY INC,0.04,USD 2619420.44,Consumer Discretionary,US
BC8.DE,BECHTLE AG,0.01,USD 566839.15,Information Technology,DE
BCE.TO,BCE INC,0.01,USD 771782.58,Communication,CA
BCVN.SW,BC VAUD N,0,USD 279498.23,Financials,CH
BDEV.L,BARRATT DEVELOPMENTS,0.01,USD 890540.23,Consumer Discretionary,GB
BDX,BECTON DICKINSON,0.13,USD 7883371.68,Health Care,US
BEI.DE,BEIERSDORF AG,0.02,USD 1192057.07,Consumer Staples,DE
BEN,FRANKLIN RESOURCES INC,0.02,USD 1261254.60,Financials,US
BEPC.TO,BROOKFIELD RENEWABLE SUBORDINATE V,0.01,USD 330027.05,Utilities,CA
BFB,BROWN FORMAN CORP CLASS B,0.04,USD 2306483.72,Consumer Staples,US
BG,BUNGE LTD,0.02,USD 1349759.81,Consumer Staples,BM
BHC.TO,BAUSCH HEALTH COMPANIES INC,0.01,USD 895741.39,Health Care,CA
BHP.AX,BHP GROUP LTD,0.14,USD 8947346.99,Materials,AU
BHP.L,BHP GROUP PLC,0.1,USD 5957831.56,Materials,GB
BIIB,BIOGEN INC,0.07,USD 4452544.01,Health Care,US
BIM.PA,BIOMERIEUX SA,0.01,USD 541536.00,Health Care,FR
BIO,BIO RAD LABORATORIES INC CLASS A,0.03,USD 1968089.28,Health Care,US
BK,BANK OF NEW YORK MELLON CORP,0.07,USD 4587158.72,Financials,US
BKG.L,BERKELEY GROUP HOLDINGS (THE) PLC,0.01,USD 578161.96,Consumer Discretionary,GB
BKI,BLACK KNIGHT INC,0.02,USD 1111761.85,Information Technology,US
BKNG,BOOKING HOLDINGS INC,0.16,USD 10195287.27,Consumer Discretionary,US
BKR,BAKER HUGHES CLASS A,0.03,USD 2065208.53,Energy,US
BLDP.TO,BALLARD POWER SYSTEMS INC,0.01,USD 347889.62,Industrials,CA
BLK,BLACKROCK INC,0.23,USD 14387934.05,Financials,US
BLL,BALL CORP,0.05,USD 2874782.82,Materials,US
BLND.L,BRITISH LAND REIT PLC,0.01,USD 592506.45,Real Estate,GB
BMO.TO,BANK OF MONTREAL,0.11,USD 6824739.06,Financials,CA
BMRN,BIOMARIN PHARMACEUTICAL INC,0.02,USD 1494633.61,Health Care,US
BMW.DE,BMW AG,0.05,USD 3274418.34,Consumer Discretionary,DE
BMW3.DE,BMW PREF AG,0.01,USD 408295.92,Consumer Discretionary,DE
BMY,BRISTOL MYERS SQUIBB,0.23,USD 14517672.00,Health Care,US
BN.PA,DANONE SA,0.07,USD 4442514.33,Consumer Staples,FR
BN4.SI,KEPPEL LTD,0.01,USD 635011.19,Industrials,SG
BNP.PA,BNP PARIBAS SA,0.11,USD 7104541.01,Financials,FR
BNR.DE,BRENNTAG,0.02,USD 1206136.63,Industrials,DE
BNS.TO,BANK OF NOVA SCOTIA,0.13,USD 7755526.84,Financials,CA
BNZL.L,BUNZL,0.02,USD 1128779.18,Industrials,GB
BOL.PA,BOLLORE,0.01,USD 496329.93,Communication,FR
BOL.ST,BOLIDEN,0.02,USD 986704.13,Materials,SE
BP.L,BP PLC,0.15,USD 9143012.09,Energy,GB
BR,BROADRIDGE FINANCIAL SOLUTIONS INC,0.03,USD 2004414.75,Information Technology,US
BRBY.L,BURBERRY GROUP PLC,0.02,USD 1008871.19,Consumer Discretionary,GB
BRKB,BERKSHIRE HATHAWAY INC CLASS B,0.61,USD 37874763.36,Financials,US
BRO,BROWN & BROWN INC,0.02,USD 1398028.56,Financials,US
BSL.AX,BLUESCOPE STEEL LTD,0.02,USD 963677.11,Materials,AU
BSX,BOSTON SCIENTIFIC CORP,0.11,USD 6527935.33,Health Care,US
BSY,BENTLEY SYSTEMS INC CLASS B,0.02,USD 1116159.11,Information Technology,US
BT-A.L,BT GROUP PLC,0.03,USD 1865361.55,Communication,GB
BTO.TO,B2GOLD CORP,0.01,USD 461076.89,Materials,CA
BURL,BURLINGTON STORES INC,0.03,USD 1814980.49,Consumer Discretionary,US
BVI.PA,BUREAU VERITAS SA,0.02,USD 1055960.53,Industrials,FR
BWA,BORGWARNER INC,0.01,USD 896683.65,Consumer Discretionary,US
BX,BLACKSTONE INC,0.15,USD 9136648.00,Financials,US
BXB.AX,BRAMBLES LTD,0.02,USD 1273579.42,Industrials,AU
BXP,BOSTON PROPERTIES REIT INC,0.03,USD 1880539.92,Real Estate,US
C,CITIGROUP INC,0.24,USD 14884182.85,Financials,US
C38U.SI,CAPITALAND INTEGRATED COMMERCIAL T,0.01,USD 919457.34,Real Estate,SG
C6L.SI,SINGAPORE AIRLINES LTD,0.01,USD 569536.91,Industrials,SG
CA.PA,CARREFOUR SA,0.02,USD 1299799.85,Consumer Staples,FR
CABK.MC,CAIXABANK SA,0.03,USD 1611463.68,Financials,ES
CABO,CABLE ONE INC,0.01,USD 858916.12,Communication,US
CAE.TO,CAE INC,0.01,USD 884578.88,Industrials,CA
CAG,CONAGRA BRANDS INC,0.03,USD 1657085.76,Consumer Staples,US
CAH,CARDINAL HEALTH INC,0.03,USD 1857714.76,Health Care,US
CAP.PA,CAPGEMINI,0.06,USD 3739042.77,Information Technology,FR
CAR-UN.TO,CANADIAN APARTMENT PROPERTIES REAL,0.01,USD 345135.94,Real Estate,CA
CARL-B.CO,CARLSBERG AS CL B,0.03,USD 1827479.06,Consumer Staples,DK
CARR,CARRIER GLOBAL CORP,0.08,USD 4768204.88,Industrials,US
CAT,CATERPILLAR INC,0.18,USD 11409785.80,Industrials,US
CB,CHUBB LTD,0.14,USD 8408787.60,Financials,CH
CBA.AX,COMMONWEALTH BANK OF AUSTRALIA,0.22,USD 13780725.51,Financials,AU
CBK.DE,COMMERZBANK AG,0.01,USD 702556.06,Financials,DE
CBOE,CBOE GLOBAL MARKETS INC,0.02,USD 1249444.70,Financials,US
CBRE,CBRE GROUP INC CLASS A,0.06,USD 3577090.02,Real Estate,US
CCEP.L,COCA COLA EUROPACIFIC PARTNERS PLC,0.02,USD 1091511.68,Consumer Staples,GB
CCH.SW,COCA COLA HBC AG,0.01,USD 765964.19,Consumer Staples,CH
CCI,CROWN CASTLE INTERNATIONAL REIT CO,0.14,USD 8480760.75,Real Estate,US
CCK,CROWN HOLDINGS INC,0.02,USD 1483541.64,Materials,US
CCL,CARNIVAL CORP,0.03,USD 1855453.60,Consumer Discretionary,PA
CCL-B.TO,CCL INDUSTRIES INC CLASS B,0.01,USD 799773.03,Materials,CA
CCO.TO,CAMECO CORP,0.01,USD 771731.45,Energy,CA
CDAY,CERIDIAN HCM HOLDING INC,0.02,USD 1357715.37,Information Technology,US
CDNS,CADENCE DESIGN SYSTEMS INC,0.08,USD 4732334.84,Information Technology,US
CDW,CDW CORP,0.05,USD 3129438.69,Information Technology,US
CE,CELANESE CORP,0.03,USD 1850212.32,Materials,US
CERN,CERNER CORP,0.04,USD 2381075.71,Health Care,US
CF,CF INDUSTRIES HOLDINGS INC,0.02,USD 1107629.04,Materials,US
CFG,CITIZENS FINANCIAL GROUP INC,0.03,USD 2114654.04,Financials,US
CFR.SW,COMPAGNIE FINANCIERE RICHEMONT SA,0.09,USD 5688317.36,Consumer Discretionary,CH
CG,CARLYLE GROUP INC,0.01,USD 598494.68,Financials,US
CGNX,COGNEX CORP,0.02,USD 1534959.43,Information Technology,US
CHD,CHURCH AND DWIGHT INC,0.03,USD 2127805.05,Consumer Staples,US
CHKP,CHECK POINT SOFTWARE TECHNOLOGIES,0.03,USD 1592296.44,Information Technology,IL
CHR.CO,CHR HANSEN HOLDING,0.01,USD 863730.63,Materials,DK
CHRW,CH ROBINSON WORLDWIDE INC,0.02,USD 1256686.20,Industrials,US
CHTR,CHARTER COMMUNICATIONS INC CLASS A,0.17,USD 10371520.80,Communication,US
CHWY,CHEWY INC CLASS A,0.01,USD 607538.85,Consumer Discretionary,US
CI,CIGNA CORP,0.12,USD 7569091.20,Health Care,US
CINF,CINCINNATI FINANCIAL CORP,0.03,USD 1786179.00,Financials,US
CL,COLGATE-PALMOLIVE,0.11,USD 6551963.39,Consumer Staples,US
CLI-SP-Equity.SI,CAPITALAND INVESTMENT LTD,0.01,USD 588955.26,Financials,SG
CLN.SW,CLARIANT AG,0.01,USD 458289.66,Materials,CH
CLNX.MC,CELLNEX TELECOM SA,0.06,USD 3484674.25,Communication,ES
CLVT,CLARIVATE PLC,0.02,USD 985978.45,Industrials,JE
CLX,CLOROX,0.03,USD 2154743.52,Consumer Staples,US
CM.TO,CANADIAN IMPERIAL BANK OF COMMERCE,0.09,USD 5290257.45,Financials,CA
CMCSA,COMCAST CORP CLASS A,0.43,USD 26489667.00,Communication,US
CME,CME GROUP INC CLASS A,0.11,USD 6925761.92,Financials,US
CMG,CHIPOTLE MEXICAN GRILL INC,0.09,USD 5437191.36,Consumer Discretionary,US
CMI,CUMMINS INC,0.06,USD 3592793.00,Industrials,US
CMS,CMS ENERGY CORP,0.03,USD 1810210.00,Utilities,US
CNC,CENTENE CORP,0.06,USD 3568007.22,Health Care,US
CNHI.AS,CNH INDUSTRIAL NV,0.03,USD 1739147.53,Industrials,NL
CNP,CENTERPOINT ENERGY INC,0.02,USD 1265692.60,Utilities,US
CNP.PA,CNP ASSURANCES SA,0,USD 274715.23,Financials,FR
CNQ.TO,CANADIAN NATURAL RESOURCES LTD,0.07,USD 4290745.00,Energy,CA
CNR.TO,CANADIAN NATIONAL RAILWAY,0.14,USD 8675892.86,Industrials,CA
COF,CAPITAL ONE FINANCIAL CORP,0.12,USD 7619734.50,Financials,US
COH.AX,COCHLEAR LTD,0.02,USD 1164048.74,Health Care,AU
COL.AX,COLES GROUP LTD,0.03,USD 1844117.44,Consumer Staples,AU
COLO-B.CO,COLOPLAST B,0.03,USD 2113934.31,Health Care,DK
COLR.BR,ETABLISSEMENTEN FRANZ COLRUYT NV,0.01,USD 327758.74,Consumer Staples,BE
CON.DE,CONTINENTAL AG,0.02,USD 1403049.85,Consumer Discretionary,DE
COO,COOPER INC,0.04,USD 2204233.59,Health Care,US
COP,CONOCOPHILLIPS,0.13,USD 8064909.92,Energy,US
COST,COSTCO WHOLESALE CORP,0.34,USD 20892723.31,Consumer Staples,US
COUP,COUPA SOFTWARE INC,0.03,USD 1869181.36,Information Technology,US
COV.PA,COVIVIO SA,0,USD 304434.37,Real Estate,FR
CP.TO,CANADIAN PACIFIC RAILWAY LTD,0.08,USD 4902434.68,Industrials,CA
CPB,CAMPBELL SOUP,0.01,USD 865920.00,Consumer Staples,US
CPG.L,COMPASS GROUP PLC,0.06,USD 3678068.37,Consumer Discretionary,GB
CPR.MI,DAVIDE CAMPARI MILANO NV,0.01,USD 780439.89,Consumer Staples,NL
CPRT,COPART INC,0.05,USD 3061163.82,Industrials,US
CPT,CAMDEN PROPERTY TRUST REIT,0.02,USD 1380540.96,Real Estate,US
CPU.AX,COMPUTERSHARE LTD,0.01,USD 529010.53,Information Technology,AU
CRDA.L,CRODA INTERNATIONAL PLC,0.03,USD 1664433.88,Materials,GB
CRG,CRH PLC,0.07,USD 4124484.94,Materials,IE
CRL,CHARLES RIVER LABORATORIES INTERNA,0.03,USD 2041944.97,Health Care,US
CRM,SALESFORCE.COM INC,0.41,USD 25583980.00,Information Technology,US
CRWD,CROWDSTRIKE HOLDINGS INC CLASS A,0.08,USD 5009181.86,Information Technology,US
CS.PA,AXA SA,0.09,USD 5638815.23,Financials,FR
CSCO,CISCO SYSTEMS INC,0.4,USD 25021504.68,Information Technology,US
CSGN.SW,CREDIT SUISSE GROUP AG,0.04,USD 2623038.54,Financials,CH
CSGP,COSTAR GROUP INC,0.06,USD 3574900.50,Industrials,US
CSL.AX,CSL LTD,0.16,USD 10068194.34,Health Care,AU
CSU.TO,CONSTELLATION SOFTWARE INC,0.06,USD 3622451.10,Information Technology,CA
CSX,CSX CORP,0.12,USD 7372502.15,Industrials,US
CTAS,CINTAS CORP,0.06,USD 3890302.56,Industrials,US
CTC.A.TO,CANADIAN TIRE LTD CLASS A,0.01,USD 924854.33,Consumer Discretionary,CA
CTLT,CATALENT INC,0.04,USD 2416370.02,Health Care,US
CTSH,COGNIZANT TECHNOLOGY SOLUTIONS COR,0.07,USD 4277985.28,Information Technology,US
CTVA,CORTEVA INC,0.06,USD 3417275.19,Materials,US
CTXS,CITRIX SYSTEMS INC,0.02,USD 1348740.24,Information Technology,US
CU.TO,CANADIAN UTILITIES LTD CLASS A,0.01,USD 340066.85,Utilities,CA
CVE.TO,CENOVUS ENERGY INC,0.02,USD 1396740.13,Energy,CA
CVNA,CARVANA CLASS A,0.04,USD 2223916.12,Consumer Discretionary,US
CVS,CVS HEALTH CORP,0.18,USD 11247483.52,Health Care,US
CVX,CHEVRON CORP,0.31,USD 19189317.44,Energy,US
CWN.AX,CROWN RESORTS LTD,0,USD 239250.55,Consumer Discretionary,AU
CYBR.TA,CYBER ARK SOFTWARE LTD,0.01,USD 663561.60,Information Technology,IL
CZR,CAESARS ENTERTAINMENT INC,0.04,USD 2382404.01,Consumer Discretionary,US
D,DOMINION ENERGY INC,0.1,USD 6391076.70,Utilities,US
D05.SI,DBS GROUP HOLDINGS LTD,0.07,USD 4036779.78,Financials,SG
DAI.DE,DAIMLER AG,0.12,USD 7588782.53,Consumer Discretionary,DE
DAL,DELTA AIR LINES INC,0.01,USD 545565.32,Industrials,US
DANSKE.CO,DANSKE BANK,0.02,USD 1120395.51,Financials,DK
DASH,DOORDASH INC CLASS A,0.02,USD 1334646.00,Consumer Discretionary,US
DB1.DE,DEUTSCHE BOERSE AG,0.05,USD 3243358.63,Financials,DE
DBK.DE,DEUTSCHE BANK AG,0.04,USD 2621802.62,Financials,DE
DBX,DROPBOX INC CLASS A,0.01,USD 907718.40,Information Technology,US
DCC,DCC PLC,0.01,USD 842520.54,Industrials,IE
DD,DUPONT DE NEMOURS INC,0.06,USD 3749105.51,Materials,US
DDOG,DATADOG INC CLASS A,0.04,USD 2363061.57,Information Technology,US
DE,DEERE,0.18,USD 10878725.26,Industrials,US
DELL,DELL TECHNOLOGIES INC CLASS C,0.05,USD 2860832.52,Information Technology,US
DEMANT.CO,DEMANT,0.02,USD 1030913.19,Health Care,DK
DFS,DISCOVER FINANCIAL SERVICES,0.06,USD 3665148.96,Financials,US
DG,DOLLAR GENERAL CORP,0.08,USD 5156075.08,Consumer Discretionary,US
DG.PA,VINCI SA,0.09,USD 5505240.47,Industrials,FR
DGE.L,DIAGEO PLC,0.19,USD 11566099.83,Consumer Staples,GB
DGX,QUEST DIAGNOSTICS INC,0.04,USD 2414745.00,Health Care,US
DHER.DE,DELIVERY HERO,0.04,USD 2469266.14,Consumer Discretionary,DE
DHI,D R HORTON INC,0.05,USD 3185455.68,Consumer Discretionary,US
DHR,DANAHER CORP,0.34,USD 21091484.70,Health Care,US
DIA.MI,DIASORIN,0.01,USD 494953.84,Health Care,IT
DIM.PA,SARTORIUS STEDIM BIOTECH SA,0.03,USD 1740815.31,Health Care,FR
DIS,WALT DISNEY,0.55,USD 34282003.41,Communication,US
DISCA,DISCOVERY INC SERIES A,0.01,USD 396653.95,Communication,US
DISCK,DISCOVERY INC SERIES C,0.01,USD 715055.46,Communication,US
DISH,DISH NETWORK CORP CLASS A,0.02,USD 1247096.91,Communication,US
DKNG,DRAFTKINGS INC CLASS A,0.03,USD 1886396.16,Consumer Discretionary,US
DLG.L,DIRECT LINE INSURANCE PLC,0.01,USD 594068.20,Financials,GB
DLR,DIGITAL REALTY TRUST REIT INC,0.07,USD 4250608.88,Real Estate,US
DLTR,DOLLAR TREE INC,0.03,USD 2153160.24,Consumer Discretionary,US
DMP.AX,DOMINOS PIZZA ENTERPRISES LTD,0.01,USD 928730.26,Consumer Discretionary,AU
DNB.OL,DNB BANK,0.03,USD 2125582.16,Financials,NO
DOCU,DOCUSIGN INC,0.09,USD 5436878.20,Information Technology,US
DOL.TO,DOLLARAMA INC,0.02,USD 1349002.18,Consumer Discretionary,CA
DOV,DOVER CORP,0.05,USD 2794385.10,Industrials,US
DOW,DOW INC,0.08,USD 4724676.60,Materials,US
DPW.DE,DEUTSCHE POST AG,0.11,USD 7008255.89,Industrials,DE
DPZ,DOMINOS PIZZA INC,0.03,USD 2097062.88,Consumer Discretionary,US
DRE,DUKE REALTY REIT CORP,0.03,USD 1958538.42,Real Estate,US
DRI,DARDEN RESTAURANTS INC,0.03,USD 1875588.87,Consumer Discretionary,US
DSCT.TA,ISRAEL DISCOUNT BANK LTD,0.01,USD 447742.44,Financials,IL
DSM.AS,KONINKILIJKE DSM NV,0.06,USD 3995798.25,Materials,NL
DSV.CO,DSV PANALPINA,0.08,USD 5239118.44,Industrials,DK
DSY.PA,DASSAULT SYSTEMES,0.06,USD 3973874.08,Information Technology,FR
DT,DYNATRACE INC,0.02,USD 1438378.56,Information Technology,US
DTE,DTE ENERGY,0.04,USD 2423623.68,Utilities,US
DTE.DE,DEUTSCHE TELEKOM N AG,0.11,USD 7076089.21,Communication,DE
DUK,DUKE ENERGY CORP,0.12,USD 7644291.66,Utilities,US
DVA,DAVITA INC,0.01,USD 552464.83,Health Care,US
DVN,DEVON ENERGY CORP,0.03,USD 1886344.02,Energy,US
DWNI.DE,DEUTSCHE WOHNEN,0.03,USD 2135546.74,Real Estate,DE
DXCM,DEXCOM INC,0.09,USD 5485254.81,Health Care,US
DXS.AX,DEXUS STAPLED UNITS,0.02,USD 1124119.99,Real Estate,AU
EA,ELECTRONIC ARTS INC,0.06,USD 3907695.60,Communication,US
EBAY,EBAY INC,0.09,USD 5373301.78,Consumer Discretionary,US
EBS.VI,ERSTE GROUP BANK AG,0.02,USD 1228045.39,Financials,AT
ECL,ECOLAB INC,0.1,USD 6130479.87,Materials,US
ED,CONSOLIDATED EDISON INC,0.04,USD 2623315.45,Utilities,US
EDEN.PA,EDENRED,0.02,USD 1343724.14,Information Technology,FR
EDF.PA,ELECTRICITE DE FRANCE SA,0.01,USD 720310.81,Utilities,FR
EDP.LS,EDP ENERGIAS DE PORTUGAL SA,0.03,USD 1651708.44,Utilities,PT
EDPR.MC,EDP RENOVAVEIS SA,0.01,USD 770181.12,Utilities,ES
EDV.AX,ENDEAVOUR GROUP LTD,0.01,USD 582076.07,Consumer Staples,AU
EFX,EQUIFAX INC,0.05,USD 3068937.07,Industrials,US
EIX,EDISON INTERNATIONAL,0.04,USD 2185896.96,Utilities,US
EL,ESTEE LAUDER INC CLASS A,0.13,USD 7867192.50,Consumer Staples,US
EL.PA,ESSILORLUXOTTICA SA,0.09,USD 5663212.84,Consumer Discretionary,FR
ELAN,ELANCO ANIMAL HEALTH INC,0.03,USD 1600632.67,Health Care,US
ELE.MC,ENDESA SA,0.01,USD 745143.82,Utilities,ES
ELI.BR,ELIA GROUP SA,0.01,USD 391281.47,Utilities,BE
ELISA.HE,ELISA,0.02,USD 1283818.74,Communication,FI
ELS,EQUITY LIFESTYLE PROPERTIES REIT I,0.02,USD 1438126.38,Real Estate,US
ELUX-B.ST,ELECTROLUX B,0.01,USD 773413.94,Consumer Discretionary,SE
EMA.TO,EMERA INC,0.02,USD 1147543.82,Utilities,CA
EMBRAC-B.ST,EMBRACER GROUP,0.01,USD 748246.43,Communication,SE
EMN,EASTMAN CHEMICAL,0.02,USD 1527922.13,Materials,US
EMP.A.TO,EMPIRE LTD CLASS A,0.01,USD 477786.08,Consumer Staples,CA
EMR,EMERSON ELECTRIC,0.1,USD 6345697.05,Industrials,US
EMSN.SW,EMS-CHEMIE HOLDING AG,0.01,USD 709203.07,Materials,CH
EN.PA,BOUYGUES SA,0.01,USD 879380.23,Industrials,FR
ENB.TO,ENBRIDGE INC,0.13,USD 8259742.97,Energy,CA
ENEL.MI,ENEL,0.11,USD 7030668.60,Utilities,IT
ENG.MC,ENAGAS SA,0.01,USD 526360.58,Utilities,ES
ENGI.PA,ENGIE SA,0.04,USD 2669485.98,Utilities,FR
ENI.MI,ENI,0.05,USD 3238606.53,Energy,IT
ENPH,ENPHASE ENERGY INC,0.03,USD 1994205.66,Information Technology,US
ENR.DE,SIEMENS ENERGY N AG,0.02,USD 1037037.47,Industrials,DE
ENT.L,ENTAIN PLC,0.02,USD 1373441.85,Consumer Discretionary,IM
EO.PA,FAURECIA,0.01,USD 507047.58,Consumer Discretionary,FR
EOAN.DE,E.ON N,0.05,USD 2983794.42,Utilities,DE
EOG,EOG RESOURCES INC,0.07,USD 4341998.05,Energy,US
EPAM,EPAM SYSTEMS INC,0.06,USD 3911975.22,Information Technology,US
EPI-A.ST,EPIROC CLASS A,0.02,USD 1457381.20,Industrials,SE
EPI-B.ST,EPIROC CLASS B,0.01,USD 617324.78,Industrials,SE
EQH,EQUITABLE HOLDINGS INC,0.02,USD 1257670.08,Financials,US
EQIX,EQUINIX REIT INC,0.13,USD 7823749.44,Real Estate,US
EQNR.OL,EQUINOR,0.04,USD 2787841.89,Energy,NO
EQR,EQUITY RESIDENTIAL REIT,0.05,USD 3230339.92,Real Estate,US
EQT.ST,EQT,0.02,USD 1037371.06,Financials,SE
ERF.PA,EUROFINS SCIENTIFIC,0.04,USD 2359320.13,Health Care,FR
ERIC-B.ST,ERICSSON B,0.06,USD 3641499.34,Information Technology,SE
ERIE,ERIE INDEMNITY CLASS A,0.01,USD 376460.42,Financials,US
ES,EVERSOURCE ENERGY,0.05,USD 3095985.21,Utilities,US
ESLT.TA,ELBIT SYSTEMS LTD,0.01,USD 381908.06,Industrials,IL
ESS,ESSEX PROPERTY TRUST REIT INC,0.04,USD 2366999.25,Real Estate,US
ESSITY-B.ST,ESSITY CLASS B,0.03,USD 1834564.44,Consumer Staples,SE
ETN,EATON PLC,0.11,USD 6643077.35,Industrials,IE
ETR,ENTERGY CORP,0.04,USD 2446100.52,Utilities,US
ETSY,ETSY INC,0.04,USD 2769278.54,Consumer Discretionary,US
EVK.DE,EVONIK INDUSTRIES AG,0.01,USD 567839.60,Materials,DE
EVN.AX,EVOLUTION MINING LTD,0.01,USD 323043.03,Materials,AU
EVO.ST,EVOLUTION,0.05,USD 2942857.96,Consumer Discretionary,SE
EVR.L,EVRAZ,0.01,USD 357072.61,Materials,GB
EVRG,EVERGY INC,0.03,USD 1750485.16,Utilities,US
EW,EDWARDS LIFESCIENCES CORP,0.13,USD 7927778.16,Health Care,US
EXAS,EXACT SCIENCES CORP,0.03,USD 1754561.90,Health Care,US
EXC,EXELON CORP,0.08,USD 4897566.90,Utilities,US
EXO.AS,EXOR NV,0.02,USD 1154939.06,Financials,NL
EXPD,EXPEDITORS INTERNATIONAL OF WASHIN,0.04,USD 2247127.64,Industrials,US
EXPE,EXPEDIA GROUP INC,0.03,USD 2152375.68,Consumer Discretionary,US
EXPN.L,EXPERIAN PLC,0.07,USD 4294888.56,Industrials,GB
EXR,EXTRA SPACE STORAGE REIT INC,0.04,USD 2777567.76,Real Estate,US
F,FORD MOTOR CO,0.08,USD 5173580.90,Consumer Discretionary,US
F34.SI,WILMAR INTERNATIONAL LTD,0.01,USD 608527.22,Consumer Staples,SG
FAST,FASTENAL,0.05,USD 3105822.72,Industrials,US
FB,FACEBOOK CLASS A INC,1.49,USD 92256159.84,Communication,US
FBHS,FORTUNE BRANDS HOME AND SECURITY I,0.02,USD 1449351.99,Industrials,US
FBK.MI,FINECOBANK BANCA FINECO,0.02,USD 1433834.08,Financials,IT
FCX,FREEPORT MCMORAN INC,0.09,USD 5512469.60,Materials,US
FDJ.PA,LA FRANCAISE DES JEUX SA,0.01,USD 519222.99,Consumer Discretionary,FR
FDS,FACTSET RESEARCH SYSTEMS INC,0.02,USD 1518577.89,Financials,US
FDX,FEDEX CORP,0.1,USD 6475561.83,Industrials,US
FE,FIRSTENERGY CORP,0.03,USD 2161252.80,Utilities,US
FER.MC,FERROVIAL SA,0.03,USD 1611119.18,Industrials,ES
FERG,FERGUSON PLC,0.06,USD 3518951.82,Industrials,JE
FFH.TO,FAIRFAX FINANCIAL HOLDINGS SUB VOT,0.02,USD 1217026.72,Financials,CA
FFIV,F5 NETWORKS INC,0.03,USD 1632733.78,Information Technology,US
FGR.PA,EIFFAGE SA,0.01,USD 729966.26,Industrials,FR
FICO,FAIR ISAAC CORP,0.02,USD 1496819.00,Information Technology,US
FIS,FIDELITY NATIONAL INFORMATION SERV,0.13,USD 8087840.10,Information Technology,US
FISV,FISERV INC,0.11,USD 6596956.80,Information Technology,US
FITB,FIFTH THIRD BANCORP,0.05,USD 3185195.92,Financials,US
FLT,FLEETCOR TECHNOLOGIES INC,0.04,USD 2288322.81,Information Technology,US
FLTR,FLUTTER ENTERTAINMENT PLC,0.05,USD 3210010.14,Consumer Discretionary,IE
FM.TO,FIRST QUANTUM MINERALS LTD,0.02,USD 1134362.53,Materials,CA
FMC,FMC CORP,0.02,USD 1333485.03,Materials,US
FME.DE,FRESENIUS MEDICAL CARE AG,0.03,USD 1606606.07,Health Care,DE
FMG.AX,FORTESCUE METALS GROUP LTD,0.04,USD 2170086.68,Materials,AU
FNF,FIDELITY NATIONAL FINANCIAL INC,0.02,USD 1058308.80,Financials,US
FNV.TO,FRANCO NEVADA CORP,0.05,USD 3097018.11,Materials,CA
FORTUM.HE,FORTUM,0.02,USD 1392827.04,Utilities,FI
FOX,FOX CORP CLASS B,0.01,USD 492541.66,Communication,US
FOXA,FOX CORP CLASS A,0.02,USD 1383247.60,Communication,US
FPE3.DE,FUCHS PETROLUB PREF,0.01,USD 327940.61,Materials,DE
FPH.NZ,FISHER AND PAYKEL HEALTHCARE CORPO,0.02,USD 1247907.25,Health Care,NZ
FR.PA,VALEO,0.01,USD 711249.27,Consumer Discretionary,FR
FRC,FIRST REPUBLIC BANK,0.05,USD 3238804.36,Financials,US
FRE.DE,FRESENIUS SE AND CO KGAA,0.03,USD 2006719.02,Health Care,DE
FSV.TO,FIRSTSERVICE SUBORDINATE VOTING CO,0.01,USD 593311.22,Real Estate,CA
FTNT,FORTINET INC,0.07,USD 4051658.61,Information Technology,US
FTS.TO,FORTIS INC,0.03,USD 2060160.73,Utilities,CA
FTV,FORTIVE CORP,0.04,USD 2466071.10,Industrials,US
FUTU,FUTU HOLDINGS ADR LTD,0.01,USD 660879.20,Financials,US
FWONK,LIBERTY MEDIA FORMULA ONE CORP SER,0.02,USD 973625.07,Communication,US
G.MI,ASSICURAZIONI GENERALI,0.04,USD 2384472.01,Financials,IT
G13.SI,GENTING SINGAPORE LTD,0.01,USD 463563.76,Consumer Discretionary,SG
G1A.DE,GEA GROUP AG,0.01,USD 822758.88,Industrials,DE
G24.DE,SCOUT24 N AG,0.01,USD 793263.53,Communication,DE
GALP.LS,GALP ENERGIA SGPS SA,0.01,USD 373280.52,Energy,PT
GBLB.BR,GROUPE BRUXELLES LAMBERT NV,0.02,USD 1333343.68,Financials,BE
GD,GENERAL DYNAMICS CORP,0.08,USD 5116814.40,Industrials,US
GDDY,GODADDY INC CLASS A,0.02,USD 1407160.32,Information Technology,US
GE,GENERAL ELECTRIC,0.19,USD 11600983.12,Industrials,US
GEBN.SW,GEBERIT AG,0.05,USD 3077869.12,Industrials,CH
GET.PA,GETLINK,0.01,USD 632576.64,Industrials,FR
GFC.PA,GECINA SA,0.01,USD 655440.14,Real Estate,FR
GFL.TO,GFL ENVIRONMENTAL SUBORDINATE VOTI,0.01,USD 556105.21,Industrials,CA
GIB.A.TO,CGI INC,0.03,USD 2133428.00,Information Technology,CA
GIL.TO,GILDAN ACTIVEWEAR INC,0.02,USD 952348.44,Consumer Discretionary,CA
GILD,GILEAD SCIENCES INC,0.15,USD 8996551.20,Health Care,US
GIS,GENERAL MILLS INC,0.06,USD 3761896.80,Consumer Staples,US
GIVN.SW,GIVAUDAN SA,0.08,USD 4700451.50,Materials,CH
GJF.OL,GJENSIDIGE FORSIKRING,0,USD 221383.42,Financials,NO
GL,GLOBE LIFE INC,0.02,USD 1174355.28,Financials,US
GLE.PA,SOCIETE GENERALE SA,0.04,USD 2586193.45,Financials,FR
GLEN.L,GLENCORE PLC,0.08,USD 5098138.05,Materials,GB
GLW,CORNING INC,0.05,USD 3161215.68,Information Technology,US
GM,GENERAL MOTORS,0.11,USD 6991968.96,Consumer Discretionary,US
GMAB.CO,GENMAB,0.05,USD 3050416.58,Health Care,DK
GMG.AX,GOODMAN GROUP UNITS,0.05,USD 2818752.98,Real Estate,AU
GN.CO,GN STORE NORD,0.02,USD 1008238.66,Health Care,DK
GNRC,GENERAC HOLDINGS INC,0.04,USD 2694718.62,Industrials,US
GOOG,ALPHABET INC CLASS C,1.4,USD 86798338.56,Communication,US
GOOGL,ALPHABET INC CLASS A,1.44,USD 89456743.71,Communication,US
GPC,GENUINE PARTS,0.03,USD 1809858.70,Consumer Discretionary,US
GPN,GLOBAL PAYMENTS INC,0.08,USD 5160016.48,Information Technology,US
GPT.AX,GPT GROUP STAPLED UNITS,0.01,USD 637097.39,Real Estate,AU
GRF.MC,GRIFOLS SA CLASS A,0.01,USD 878137.60,Health Care,ES
GRMN,GARMIN LTD,0.04,USD 2558429.51,Consumer Discretionary,CH
GS,GOLDMAN SACHS GROUP INC,0.22,USD 13895009.55,Financials,US
GSK.L,GLAXOSMITHKLINE PLC,0.16,USD 10086318.36,Health Care,GB
GWO.TO,GREAT WEST LIFECO INC,0.01,USD 889408.59,Financials,CA
GWRE,GUIDEWIRE SOFTWARE INC,0.01,USD 834465.60,Information Technology,US
GWW,WW GRAINGER INC,0.03,USD 1983121.44,Industrials,US
H.TO,HYDRO ONE LTD,0.01,USD 747090.96,Utilities,CA
H78,HONGKONG LAND HOLDINGS LTD,0.01,USD 622440.00,Real Estate,BM
HAL,HALLIBURTON,0.03,USD 1797452.80,Energy,US
HAS,HASBRO INC,0.02,USD 1159338.80,Consumer Discretionary,US
HBAN,HUNTINGTON BANCSHARES INC,0.04,USD 2304475.80,Financials,US
HCA,HCA HEALTHCARE INC,0.11,USD 6891324.40,Health Care,US
HD,HOME DEPOT INC,0.59,USD 36379667.99,Consumer Discretionary,US
HEI,HEICO CORP,0.01,USD 557001.72,Industrials,US
HEI.DE,HEIDELBERGCEMENT AG,0.02,USD 1108467.16,Materials,DE
HEIA,HEICO CORP CLASS A,0.01,USD 889555.52,Industrials,US
HEIA.AS,HEINEKEN NV,0.04,USD 2724404.90,Consumer Staples,NL
HEIO.AS,HEINEKEN HOLDING NV,0.02,USD 1147806.20,Consumer Staples,NL
HEN.DE,HENKEL AG,0.02,USD 952531.74,Consumer Staples,DE
HEN3.DE,HENKEL & KGAA PREF AG,0.03,USD 1690941.49,Consumer Staples,DE
HES,HESS CORP,0.03,USD 2153781.90,Energy,US
HEXA-B.ST,HEXAGON CLASS B,0.05,USD 3085723.12,Information Technology,SE
HFG.DE,HELLOFRESH,0.03,USD 1577526.18,Consumer Discretionary,DE
HIG,HARTFORD FINANCIAL SERVICES GROUP,0.04,USD 2585611.14,Financials,US
HII,HUNTINGTON INGALLS INDUSTRIES INC,0.02,USD 931260.00,Industrials,US
HIK.L,HIKMA PHARMACEUTICALS PLC,0.01,USD 475800.59,Health Care,GB
HL.L,HARGREAVES LANSDOWN PLC,0.01,USD 547171.05,Financials,GB
HLMA.L,HALMA PLC,0.02,USD 1439203.60,Information Technology,GB
HLT,HILTON WORLDWIDE HOLDINGS INC,0.06,USD 3745294.20,Consumer Discretionary,US
HM-B.ST,HENNES & MAURITZ,0.02,USD 1536677.98,Consumer Discretionary,SE
HNR1.DE,HANNOVER RUECK,0.02,USD 1109112.39,Financials,DE
HO.PA,THALES SA,0.02,USD 1137094.17,Industrials,FR
HOLN.SW,HOLCIM LTD AG,0.05,USD 2976823.43,Materials,CH
HOLX,HOLOGIC INC,0.03,USD 2131600.44,Health Care,US
HON,HONEYWELL INTERNATIONAL INC,0.26,USD 15886083.71,Industrials,US
HPE,HEWLETT PACKARD ENTERPRISE,0.03,USD 1792053.24,Information Technology,US
HPQ,HP INC,0.06,USD 3589590.55,Information Technology,US
HRL,HORMEL FOODS CORP,0.02,USD 1173836.16,Consumer Staples,US
HSBA.L,HSBC HOLDINGS PLC,0.18,USD 10882715.79,Financials,GB
HSIC,HENRY SCHEIN INC,0.02,USD 1299915.54,Health Care,US
HST,HOST HOTELS & RESORTS REIT INC,0.02,USD 1112778.12,Real Estate,US
HSY,HERSHEY FOODS,0.04,USD 2648960.40,Consumer Staples,US
HUBS,HUBSPOT INC,0.05,USD 3040091.25,Information Technology,US
HUM,HUMANA INC,0.09,USD 5403876.00,Health Care,US
HUSQ-B.ST,HUSQVARNA,0.01,USD 566595.50,Consumer Discretionary,SE
HWM,HOWMET AEROSPACE INC,0.02,USD 1293844.20,Industrials,US
HZNP,HORIZON THERAPEUTICS PUBLIC PLC,0.04,USD 2351041.55,Health Care,IE
IAC,IAC INTERACTIVE,0.02,USD 1243682.52,Communication,US
IAG.AX,INSURANCE AUSTRALIA GROUP LTD,0.02,USD 1113504.88,Financials,AU
IAG.TO,IA FINANCIAL INC,0.01,USD 336954.26,Financials,CA
IBE.MC,IBERDROLA SA,0.12,USD 7187965.61,Utilities,ES
IBM,INTERNATIONAL BUSINESS MACHINES CO,0.2,USD 12641608.00,Information Technology,US
ICA.ST,ICA GRUPPEN,0.01,USD 382579.64,Consumer Staples,SE
ICE,INTERCONTINENTAL EXCHANGE INC,0.11,USD 6557095.88,Financials,US
ICL.TA,ICL GROUP LTD,0,USD 293955.84,Materials,IL
IDXX,IDEXX LABORATORIES INC,0.09,USD 5639904.60,Health Care,US
IEX,IDEX CORP,0.03,USD 1693655.77,Industrials,US
IFC.TO,INTACT FINANCIAL CORP,0.04,USD 2216052.67,Financials,CA
IFF,INTERNATIONAL FLAVORS & FRAGRANCES,0.06,USD 3989882.88,Materials,US
IFX.DE,INFINEON TECHNOLOGIES AG,0.1,USD 6235276.55,Information Technology,DE
IGM.TO,IGM FINANCIAL INC,0,USD 159442.38,Financials,CA
IHG.L,INTERCONTINENTAL HOTELS GROUP PLC,0.02,USD 1251216.14,Consumer Discretionary,GB
III.L,3I GROUP PLC,0.03,USD 1807126.90,Financials,GB
ILD.PA,ILIAD SA,0.01,USD 611330.68,Communication,FR
ILMN,ILLUMINA INC,0.11,USD 6890811.96,Health Care,US
IMB.L,IMPERIAL BRANDS PLC,0.04,USD 2174175.60,Consumer Staples,GB
IMO.TO,IMPERIAL OIL LTD,0.01,USD 655471.08,Energy,CA
INCY,INCYTE CORP,0.02,USD 1493255.52,Health Care,US
INDU-A.ST,INDUSTRIVARDEN A,0.01,USD 445444.85,Financials,SE
INDU-C.ST,INDUSTRIVARDEN SERIES,0,USD 219518.67,Financials,SE
INF.L,INFORMA PLC,0.01,USD 869542.61,Communication,GB
INFO,IHS MARKIT LTD,0.08,USD 4851941.58,Industrials,BM
INGA.AS,ING GROEP NV,0.09,USD 5648275.38,Financials,NL
INPST.AS,INPOST SA,0.01,USD 369533.17,Industrials,NL
INTC,INTEL CORPORATION CORP,0.37,USD 23162250.80,Information Technology,US
INTU,INTUIT INC,0.26,USD 16198150.43,Information Technology,US
INVE-B.ST,INVESTOR CLASS B,0.07,USD 4134843.68,Financials,SE
INVH,INVITATION HOMES INC,0.04,USD 2272096.00,Real Estate,US
INW.MI,INFRASTRUTTURE WIRELESS ITALIANE,0.01,USD 388881.57,Communication,IT
IP,INTERNATIONAL PAPER,0.04,USD 2272059.16,Materials,US
IPG,INTERPUBLIC GROUP OF COMPANIES INC,0.02,USD 1131193.42,Communication,US
IPGP,IPG PHOTONICS CORP,0.01,USD 642297.12,Information Technology,US
IPN.PA,IPSEN SA,0.01,USD 364627.26,Health Care,FR
IQV,IQVIA HOLDINGS INC,0.09,USD 5308290.05,Health Care,US
IR,INGERSOLL RAND INC,0.03,USD 1999677.58,Industrials,US
IRM,IRON MOUNTAIN INC,0.02,USD 1405417.81,Real Estate,US
ISP.MI,INTESA SANPAOLO,0.07,USD 4526691.84,Financials,IT
ISRG,INTUITIVE SURGICAL INC,0.21,USD 12796119.28,Health Care,US
IT,GARTNER INC,0.05,USD 2800112.98,Information Technology,US
ITRK.L,INTERTEK GROUP PLC,0.02,USD 1233055.26,Industrials,GB
ITW,ILLINOIS TOOL INC,0.12,USD 7148132.40,Industrials,US
ITX.MC,INDUSTRIA DE DISENO TEXTIL INDITEX,0.06,USD 3722701.72,Consumer Discretionary,ES
IVN.TO,IVANHOE MINES LTD CLASS A,0.01,USD 601031.27,Materials,CA
IVZ,INVESCO LTD,0.02,USD 1047831.05,Financials,BM
J,JACOBS ENGINEERING GROUP INC,0.03,USD 1719448.00,Industrials,US
J36.SI,JARDINE MATHESON HOLDINGS LTD,0.02,USD 1255926.00,Industrials,BM
JAZZ,JAZZ PHARMACEUTICALS PLC,0.01,USD 732333.60,Health Care,IE
JBHT,JB HUNT TRANSPORT SERVICES INC,0.02,USD 1483241.76,Industrials,US
JCI,JOHNSON CONTROLS INTERNATIONAL PLC,0.09,USD 5620088.21,Industrials,IE
JD..L,JD SPORTS FASHION PLC,0.01,USD 911140.79,Consumer Discretionary,GB
JDEP.AS,JDE PEETS NV,0.01,USD 326626.48,Consumer Staples,NL
JHX.AX,JAMES HARDIE INDUSTRIES CDI PLC,0.03,USD 1766434.27,Materials,AU
JKHY,JACK HENRY AND ASSOCIATES INC,0.02,USD 1339740.35,Information Technology,US
JMAT.L,JOHNSON MATTHEY PLC,0.01,USD 684831.58,Materials,GB
JMT.LS,JERONIMO MARTINS SA,0.01,USD 600625.58,Consumer Staples,PT
JNJ,JOHNSON & JOHNSON,0.73,USD 45022030.56,Health Care,US
JNPR,JUNIPER NETWORKS INC,0.02,USD 957542.85,Information Technology,US
JPM,JPMORGAN CHASE & CO,0.8,USD 49409500.32,Financials,US
JXN,JACKSON FINANCIAL INC,0,USD 170010.75,Financials,US
K,KELLOGG,0.03,USD 1556308.44,Consumer Staples,US
K.TO,KINROSS GOLD CORP,0.01,USD 709249.79,Materials,CA
KBC.BR,KBC GROEP,0.03,USD 1979498.79,Financials,BE
KBX.DE,KNORR BREMSE AG,0.01,USD 810121.54,Industrials,DE
KDP,KEURIG DR PEPPER INC,0.04,USD 2575813.24,Consumer Staples,US
KER.PA,KERING SA,0.09,USD 5651363.82,Consumer Discretionary,FR
KESKOB.HE,KESKO CLASS B,0.02,USD 1071940.52,Consumer Staples,FI
KEY,KEYCORP,0.04,USD 2227218.00,Financials,US
KEY.TO,KEYERA CORP,0.01,USD 434617.61,Energy,CA
KEYS,KEYSIGHT TECHNOLOGIES INC,0.05,USD 3322441.80,Information Technology,US
KGF.L,KINGFISHER PLC,0.02,USD 1120982.81,Consumer Discretionary,GB
KGX.DE,KION GROUP AG,0.01,USD 766051.91,Industrials,DE
KHC,KRAFT HEINZ,0.04,USD 2281135.60,Consumer Staples,US
KINV-B.ST,KINNEVIK CLASS B,0.01,USD 814017.11,Financials,SE
KKR,KKR AND CO INC,0.05,USD 3162179.70,Financials,US
KL.TO,KIRKLAND LAKE GOLD LTD,0.02,USD 1205446.23,Materials,CA
KLAC,KLA CORP,0.09,USD 5759156.52,Information Technology,US
KMB,KIMBERLY CLARK CORP,0.08,USD 4859003.24,Consumer Staples,US
KMI,KINDER MORGAN INC,0.06,USD 3441126.78,Energy,US
KMX,CARMAX INC,0.04,USD 2471335.84,Consumer Discretionary,US
KNEBV.HE,KONE,0.04,USD 2621788.16,Industrials,FI
KNIN.SW,KUEHNE UND NAGEL INTERNATIONAL AG,0.03,USD 1981330.90,Industrials,CH
KNX,KNIGHT-SWIFT TRANSPORTATION HOLDIN,0.01,USD 691046.40,Industrials,US
KO,COCA-COLA,0.38,USD 23585718.64,Consumer Staples,US
KPN.AS,KONINKLIJKE KPN NV,0.02,USD 1155881.57,Communication,NL
KR,KROGER,0.04,USD 2674500.30,Consumer Staples,US
KRX,KINGSPAN GROUP PLC,0.03,USD 1733151.28,Industrials,IE
KSU,KANSAS CITY SOUTHERN,0.04,USD 2631275.04,Industrials,US
KYGA,KERRY GROUP PLC,0.04,USD 2210470.22,Consumer Staples,IE
L,LOEWS CORP,0.03,USD 1621312.77,Financials,US
L.TO,LOBLAW COMPANIES LTD,0.02,USD 1527099.19,Consumer Staples,CA
LAND.L,LAND SECURITIES GROUP REIT PLC,0.01,USD 676465.40,Real Estate,GB
LATO-B.ST,LATOUR INVESTMENT CLASS B,0.01,USD 610656.37,Industrials,SE
LBRDA,LIBERTY BROADBAND CORP SERIES A,0.01,USD 441836.94,Communication,US
LBRDK,LIBERTY BROADBAND CORP SERIES C,0.05,USD 2904474.02,Communication,US
LBTYA,LIBERTY GLOBAL PLC CLASS A,0.01,USD 719573.40,Communication,GB
LBTYK.L,LIBERTY GLOBAL PLC CLASS C,0.02,USD 1072404.20,Communication,GB
LDOS,LEIDOS HOLDINGS INC,0.02,USD 1361076.12,Industrials,US
LEA,LEAR CORP,0.02,USD 1180001.67,Consumer Discretionary,US
LEG.DE,LEG IMMOBILIEN N,0.02,USD 1029434.13,Real Estate,DE
LEN,LENNAR A CORP,0.05,USD 2798244.35,Consumer Discretionary,US
LGEN.L,LEGAL AND GENERAL GROUP PLC,0.04,USD 2431331.25,Financials,GB
LH,LABORATORY CORPORATION OF AMERICA,0.05,USD 3066230.70,Health Care,US
LHA.DE,DEUTSCHE LUFTHANSA AG,0,USD 211658.77,Industrials,DE
LHX,L3HARRIS TECHNOLOGIES INC,0.08,USD 4912247.30,Industrials,US
LI.PA,KLEPIERRE REIT SA,0.01,USD 440620.12,Real Estate,FR
LII,LENNOX INTERNATIONAL INC,0.02,USD 1219687.68,Industrials,US
LIN,LINDE PLC,0.28,USD 17086527.72,Materials,IE
LISN.SW,CHOCOLADEFABRIKEN LINDT & SPRUENGL,0.02,USD 1330794.76,Consumer Staples,CH
LISP.SW,CHOCOLADEFABRIKEN LINDT & SPRUENGL,0.02,USD 1526584.34,Consumer Staples,CH
LKQ,LKQ CORP,0.02,USD 1298121.66,Consumer Discretionary,US
LLC.AX,LENDLEASE GROUP STAPLED UNITS,0.01,USD 423568.83,Real Estate,AU
LLOY.L,LLOYDS BANKING GROUP PLC,0.07,USD 4385981.57,Financials,GB
LLY,ELI LILLY,0.31,USD 19338119.01,Health Care,US
LMT,LOCKHEED MARTIN CORP,0.14,USD 8755116.04,Industrials,US
LNC,LINCOLN NATIONAL CORP,0.02,USD 1370474.04,Financials,US
LNG,CHENIERE ENERGY INC,0.03,USD 1925049.36,Energy,US
LNT,ALLIANT ENERGY CORP,0.02,USD 1289952.28,Utilities,US
LOGN.SW,LOGITECH INTERNATIONAL SA,0.02,USD 1393206.33,Information Technology,CH
LONN.SW,LONZA GROUP AG,0.11,USD 6671700.38,Health Care,CH
LOW,LOWES COMPANIES INC,0.24,USD 14936744.06,Consumer Discretionary,US
LR.PA,LEGRAND SA,0.05,USD 3274310.70,Industrials,FR
LRCX,LAM RESEARCH CORP,0.15,USD 9169442.50,Information Technology,US
LSEG.L,LONDON STOCK EXCHANGE GROUP PLC,0.06,USD 3500238.58,Financials,GB
LSPD.TO,LIGHTSPEED COMMERCE INC,0.03,USD 1726825.44,Information Technology,CA
LSXMA,LIBERTY MEDIA LIBERTY SIRIUSXM COR,0,USD 220363.78,Communication,US
LSXMK,LIBERTY MEDIA LIBERTY SIRIUSXM COR,0.01,USD 715338.94,Communication,US
LULU,LULULEMON ATHLETICA INC,0.09,USD 5353762.05,Consumer Discretionary,US
LUMI.TA,BANK LEUMI LE ISRAEL,0.02,USD 1157179.97,Financials,IL
LUMN,LUMEN TECHNOLOGIES INC,0.02,USD 1232924.16,Communication,US
LUN.TO,LUNDIN MINING CORP,0.01,USD 478935.15,Materials,CA
LUND-B.ST,LUNDBERGFORETAGEN CLASS B,0.01,USD 441738.65,Financials,SE
LUNE.ST,LUNDIN ENERGY,0.01,USD 743969.88,Energy,SE
LUV,SOUTHWEST AIRLINES,0.02,USD 1073195.16,Industrials,US
LVS,LAS VEGAS SANDS CORP,0.02,USD 1307093.60,Consumer Discretionary,US
LW,LAMB WESTON HOLDINGS INC,0.01,USD 808769.56,Consumer Staples,US
LXS.DE,LANXESS AG,0.01,USD 495171.76,Materials,DE
LYB.AS,LYONDELLBASELL INDUSTRIES NV CLASS,0.04,USD 2604923.99,Materials,NL
LYFT,LYFT INC CLASS A,0.03,USD 1554937.83,Industrials,US
LYV,LIVE NATION ENTERTAINMENT INC,0.02,USD 1216319.70,Communication,US
M44U.SI,MAPLETREE LOGISTICS TRUST UNITS,0.01,USD 389330.31,Real Estate,SG
MA,MASTERCARD INC CLASS A,0.51,USD 31627709.75,Information Technology,US
MAA,MID AMERICA APARTMENT COMMUNITIES,0.04,USD 2178345.40,Real Estate,US
MAERSK-A.CO,A P MOLLER MAERSK,0.01,USD 818729.44,Industrials,DK
MAERSK-B.CO,A P MOLLER MAERSK B,0.04,USD 2190374.62,Industrials,DK
MAR,MARRIOTT INTERNATIONAL INC CLASS A,0.07,USD 4205992.28,Consumer Discretionary,US
MAS,MASCO CORP,0.03,USD 1805085.84,Industrials,US
MASI,MASIMO CORP,0.02,USD 1230602.88,Health Care,US
MB.MI,MEDIOBANCA BANCA DI CREDITO FINANZ,0.01,USD 670838.85,Financials,IT
MC.PA,LVMH,0.34,USD 20948088.26,Consumer Discretionary,FR
MCD,MCDONALDS CORP,0.3,USD 18499311.66,Consumer Discretionary,US
MCHP,MICROCHIP TECHNOLOGY INC,0.07,USD 4384482.27,Information Technology,US
MCK,MCKESSON CORP,0.06,USD 3474814.98,Health Care,US
MCO,MOODYS CORP,0.11,USD 6577929.39,Financials,US
MCY.NZ,MERCURY NZ LTD,0,USD 298235.02,Utilities,NZ
MDB,MONGODB INC CLASS A,0.05,USD 2897642.50,Information Technology,US
MDLZ,MONDELEZ INTERNATIONAL INC CLASS A,0.14,USD 8456454.03,Consumer Staples,US
MDT,MEDTRONIC PLC,0.3,USD 18404670.00,Health Care,IE
MEL.NZ,MERIDIAN ENERGY LTD,0.01,USD 363046.47,Utilities,NZ
MELI,MERCADOLIBRE INC,0.15,USD 8996656.12,Consumer Discretionary,US
MET,METLIFE INC,0.08,USD 4949710.08,Financials,US
MF.PA,WENDEL,0.01,USD 619504.70,Financials,FR
MFC.TO,MANULIFE FINANCIAL CORP,0.07,USD 4034058.13,Financials,CA
MFG.AX,MAGELLAN FINANCIAL GROUP LTD,0.01,USD 372251.19,Financials,AU
MG.TO,MAGNA INTERNATIONAL INC,0.04,USD 2585373.20,Consumer Discretionary,CA
MGM,MGM RESORTS INTERNATIONAL,0.03,USD 1549905.54,Consumer Discretionary,US
MGR.AX,MIRVAC GROUP STAPLED UNITS,0.02,USD 1313707.33,Real Estate,AU
MHK,MOHAWK INDUSTRIES INC,0.02,USD 1152521.10,Consumer Discretionary,US
MKC,MCCORMICK & CO NON-VOTING INC,0.04,USD 2319471.60,Consumer Staples,US
MKL,MARKEL CORP,0.03,USD 1692153.87,Financials,US
MKTX,MARKETAXESS HOLDINGS INC,0.03,USD 1663561.53,Financials,US
ML.PA,MICHELIN,0.04,USD 2773635.41,Consumer Discretionary,FR
MLCO,MELCO RESORTS ENTERTAINMENT ADR LT,0,USD 204630.10,Consumer Discretionary,US
MLM,MARTIN MARIETTA MATERIALS INC,0.04,USD 2458578.45,Materials,US
MMC,MARSH & MCLENNAN INC,0.14,USD 8488336.40,Financials,US
MMM,3M,0.18,USD 11000195.18,Industrials,US
MNDI.L,MONDI PLC,0.02,USD 1360813.01,Materials,GB
MNG.L,M&G PLC,0.01,USD 753229.46,Financials,GB
MNST,MONSTER BEVERAGE CORP,0.06,USD 3831858.64,Consumer Staples,US
MO,ALTRIA GROUP INC,0.14,USD 8927614.35,Consumer Staples,US
MOH,MOLINA HEALTHCARE INC,0.03,USD 1685274.63,Health Care,US
MONC.MI,MONCLER,0.02,USD 1050538.29,Consumer Discretionary,IT
MOS,MOSAIC,0.02,USD 1200207.92,Materials,US
MOWI.OL,MOWI,0.02,USD 1085095.13,Consumer Staples,NO
MPC,MARATHON PETROLEUM CORP,0.07,USD 4157926.43,Energy,US
MPL.AX,MEDIBANK PRIVATE LTD,0.01,USD 674373.62,Financials,AU
MPW,MEDICAL PROPERTIES TRUST REIT INC,0.02,USD 1196290.53,Real Estate,US
MPWR,MONOLITHIC POWER SYSTEMS INC,0.03,USD 1939320.90,Information Technology,US
MQG.AX,MACQUARIE GROUP LTD DEF,0.07,USD 4527235.67,Financials,AU
MRK,MERCK & CO INC,0.3,USD 18879123.33,Health Care,US
MRK.DE,MERCK,0.05,USD 3041086.97,Health Care,DE
MRNA,MODERNA INC,0.24,USD 15118773.54,Health Care,US
MRO.L,MELROSE INDUSTRIES PLC,0.02,USD 1034941.18,Industrials,GB
MRU.TO,METRO INC,0.02,USD 1277752.97,Consumer Staples,CA
MRVL,MARVELL TECHNOLOGY INC,0.08,USD 5263504.20,Information Technology,US
MRW.L,MORRISON(WM.)SUPERMARKETS,0.02,USD 952216.64,Consumer Staples,GB
MS,MORGAN STANLEY,0.24,USD 14905972.48,Financials,US
MSCI,MSCI INC,0.08,USD 5219663.68,Financials,US
MSFT,MICROSOFT CORP,3.61,USD 223839080.24,Information Technology,US
MSI,MOTOROLA SOLUTIONS INC,0.07,USD 4349741.13,Information Technology,US
MT.AS,ARCELORMITTAL SA,0.04,USD 2196312.36,Materials,NL
MTB,M&T BANK CORP,0.03,USD 1964876.90,Financials,US
MTCH,MATCH GROUP INC,0.07,USD 4305760.11,Communication,US
MTD,METTLER TOLEDO INC,0.06,USD 3980932.50,Health Care,US
MTN,VAIL RESORTS INC,0.02,USD 1174378.08,Consumer Discretionary,US
MTX.DE,MTU AERO ENGINES HOLDING AG,0.02,USD 1141459.76,Industrials,DE
MU,MICRON TECHNOLOGY INC,0.14,USD 8693190.84,Information Technology,US
MUV2.DE,MUENCHENER RUECKVERSICHERUNGS-GESE,0.07,USD 4371213.42,Financials,DE
MZTF.TA,MIZRAHI TEFAHOT BANK LTD,0.01,USD 451824.20,Financials,IL
N2IU.SI,MAPLETREE COMMERCIAL UNITS TRUST,0,USD 301840.42,Real Estate,SG
NA.TO,NATIONAL BANK OF CANADA,0.04,USD 2636883.92,Financials,CA
NAB.AX,NATIONAL AUSTRALIA BANK LTD,0.11,USD 6817945.55,Financials,AU
NBIX,NEUROCRINE BIOSCIENCES INC,0.01,USD 724284.12,Health Care,US
NCM.AX,NEWCREST MINING LTD,0.03,USD 1601967.42,Materials,AU
NDA-SE.HE,NORDEA BANK,0.07,USD 4461582.14,Financials,FI
NDAQ,NASDAQ INC,0.04,USD 2249418.24,Financials,US
NDSN,NORDSON CORP,0.02,USD 1048555.04,Industrials,US
NEE,NEXTERA ENERGY INC,0.28,USD 17094604.40,Utilities,US
NEM,NEWMONT,0.08,USD 4835405.48,Materials,US
NEM.DE,NEMETSCHEK,0.01,USD 569642.00,Information Technology,DE
NESN.SW,NESTLE SA,0.59,USD 36721007.76,Consumer Staples,CH
NESTE.HE,NESTE,0.05,USD 2862384.89,Energy,FI
NET,CLOUDFLARE INC CLASS A,0.05,USD 2833884.75,Information Technology,US
NEXI.MI,NEXI,0.02,USD 1076476.98,Information Technology,IT
NFLX,NETFLIX INC,0.43,USD 26435485.98,Communication,US
NG..L,NATIONAL GRID PLC,0.08,USD 4792261.74,Utilities,GB
NHY.OL,NORSK HYDRO,0.02,USD 1148920.13,Materials,NO
NI,NISOURCE INC,0.01,USD 747712.90,Utilities,US
NIBE-B.ST,NIBE INDUSTRIER CLASS B,0.03,USD 1624557.26,Industrials,SE
NICE.TA,NICE LTD,0.03,USD 1824018.71,Information Technology,IL
NKE,NIKE INC CLASS B,0.33,USD 20418236.73,Consumer Discretionary,US
NLOK,NORTONLIFELOCK INC,0.02,USD 1197971.25,Information Technology,US
NLY,ANNALY CAPITAL MANAGEMENT REIT INC,0.02,USD 1281705.98,Financials,US
NN.AS,NN GROUP NV,0.03,USD 1723784.93,Financials,NL
NOC,NORTHROP GRUMMAN CORP,0.08,USD 5243607.60,Industrials,US
NOKIA.HE,NOKIA,0.05,USD 3097994.44,Information Technology,FI
NOVN.SW,NOVARTIS AG,0.31,USD 19357542.29,Health Care,CH
NOVO-B.CO,NOVO NORDISK CLASS B,0.29,USD 17738220.00,Health Care,DK
NOW,SERVICENOW INC,0.21,USD 13046260.75,Information Technology,US
NPI.TO,NORTHLAND POWER INC,0.01,USD 753673.87,Utilities,CA
NRG,NRG ENERGY INC,0.02,USD 1272819.24,Utilities,US
NSC,NORFOLK SOUTHERN CORP,0.11,USD 6675198.38,Industrials,US
NST.AX,NORTHERN STAR RESOURCES LTD,0.01,USD 798741.10,Materials,AU
NTAP,NETAPP INC,0.04,USD 2377470.60,Information Technology,US
NTGY.MC,NATURGY ENERGY SA,0.01,USD 870621.82,Utilities,ES
NTR.TO,NUTRIEN LTD,0.06,USD 3901011.42,Materials,CA
NTRS,NORTHERN TRUST CORP,0.04,USD 2380590.72,Financials,US
NUE,NUCOR CORP,0.06,USD 3426924.17,Materials,US
NVAX,NOVAVAX INC,0.03,USD 1885114.50,Health Care,US
NVCR,NOVOCURE LTD,0.02,USD 1112425.93,Health Care,JE
NVDA,NVIDIA CORP,0.92,USD 56825673.96,Information Technology,US
NVEI.TO,NUVEI SUBORDINATE VOTING CORP,0.01,USD 569493.58,Information Technology,CA
NVR,NVR INC,0.03,USD 1559580.08,Consumer Discretionary,US
NWG.L,NATWEST GROUP PLC,0.02,USD 1512766.89,Financials,GB
NWL,NEWELL BRANDS INC,0.02,USD 1181293.63,Consumer Discretionary,US
NWSA,NEWS CORP CLASS A,0.01,USD 852713.60,Communication,US
NXPI,NXP SEMICONDUCTORS NV,0.1,USD 6258084.48,Information Technology,NL
NXT.L,NEXT PLC,0.02,USD 1433362.57,Consumer Discretionary,GB
NZYM-B.CO,NOVOZYMES B,0.03,USD 1554204.60,Materials,DK
O,REALTY INCOME REIT CORP,0.04,USD 2356187.82,Real Estate,US
O2D.DE,TELEFONICA DEUTSCHLAND HOLDING AG,0.01,USD 383222.04,Communication,DE
O39.SI,OVERSEA-CHINESE BANKING LTD,0.05,USD 3008560.78,Financials,SG
OC,OWENS CORNING,0.02,USD 1025152.62,Industrials,US
OCDO.L,OCADO GROUP PLC,0.02,USD 1436187.67,Consumer Staples,GB
ODFL,OLD DOMINION FREIGHT LINE INC,0.04,USD 2684480.96,Industrials,US
OHI,OMEGA HEALTHCARE INVESTORS REIT IN,0.01,USD 859160.40,Real Estate,US
OKE,ONEOK INC,0.04,USD 2462827.68,Energy,US
OKTA,OKTA INC CLASS A,0.05,USD 3199926.02,Information Technology,US
OMC,OMNICOM GROUP INC,0.03,USD 1799952.00,Communication,US
OMV.VI,OMV AG,0.01,USD 910639.29,Energy,AT
ON,ON SEMICONDUCTOR CORP,0.03,USD 2022826.26,Information Technology,US
ONEX.TO,ONEX CORP,0.01,USD 395128.25,Financials,CA
OR.PA,LOREAL SA,0.2,USD 12142146.82,Consumer Staples,FR
ORA.PA,ORANGE SA,0.04,USD 2284881.66,Communication,FR
ORCL,ORACLE CORP,0.27,USD 16898289.41,Information Technology,US
ORG.AX,ORIGIN ENERGY LTD,0.01,USD 521313.34,Utilities,AU
ORI.AX,ORICA LTD,0.01,USD 420163.31,Materials,AU
ORK.OL,ORKLA,0.01,USD 705929.85,Consumer Staples,NO
ORLY,OREILLY AUTOMOTIVE INC,0.07,USD 4408950.04,Consumer Discretionary,US
ORNBV.HE,ORION CLASS B,0.01,USD 542510.11,Health Care,FI
ORP.PA,ORPEA SA,0.01,USD 610437.64,Health Care,FR
ORSTED.CO,ORSTED,0.04,USD 2763095.89,Utilities,DK
OSH,OAK STREET HEALTH INC,0.01,USD 553069.62,Health Care,US
OSH.AX,OIL SEARCH LTD,0.01,USD 785984.97,Energy,PG
OTEX.TO,OPEN TEXT CORP,0.02,USD 1360946.83,Information Technology,CA
OTIS,OTIS WORLDWIDE CORP,0.06,USD 3869961.55,Industrials,US
OXY,OCCIDENTAL PETROLEUM CORP,0.04,USD 2544579.72,Energy,US
PAAS.TO,PAN AMERICAN SILVER CORP,0.01,USD 516247.22,Materials,CA
PAH3.DE,PORSCHE AUTOMOBIL HOLDING PREF,0.03,USD 1561505.12,Consumer Discretionary,DE
PANW,PALO ALTO NETWORKS INC,0.08,USD 4928983.80,Information Technology,US
PAYC,PAYCOM SOFTWARE INC,0.04,USD 2441025.00,Information Technology,US
PAYX,PAYCHEX INC,0.06,USD 3529699.83,Information Technology,US
PCAR,PACCAR INC,0.05,USD 2993032.46,Industrials,US
PCG,PG&E CORP,0.02,USD 1464772.02,Utilities,US
PEAK,HEALTHPEAK PROPERTIES INC,0.03,USD 1773834.11,Real Estate,US
PEG,PUBLIC SERVICE ENTERPRISE GROUP IN,0.05,USD 3181008.40,Utilities,US
PEP,PEPSICO INC,0.35,USD 21977601.28,Consumer Staples,US
PFE,PFIZER INC,0.41,USD 25616229.98,Health Care,US
PFG,PRINCIPAL FINANCIAL GROUP INC,0.03,USD 2130683.52,Financials,US
PG,PROCTER & GAMBLE,0.59,USD 36464737.76,Consumer Staples,US
PGHN.SW,PARTNERS GROUP HOLDING AG,0.06,USD 4009627.37,Financials,CH
PGR,PROGRESSIVE CORP,0.09,USD 5425883.19,Financials,US
PH,PARKER-HANNIFIN CORP,0.06,USD 3989532.12,Industrials,US
PHIA.AS,KONINKLIJKE PHILIPS NV,0.07,USD 4184675.10,Health Care,NL
PHM,PULTEGROUP INC,0.02,USD 1313921.70,Consumer Discretionary,US
PHNX.L,PHOENIX GROUP HOLDINGS PLC,0.01,USD 432802.52,Financials,GB
PINS,PINTEREST INC CLASS A,0.05,USD 2845990.40,Communication,US
PKG,PACKAGING CORP OF AMERICA,0.02,USD 1394828.04,Materials,US
PKI,PERKINELMER INC,0.04,USD 2323542.24,Health Care,US
PKI.TO,PARKLAND CORP,0,USD 278725.22,Energy,CA
PLD,PROLOGIS REIT INC,0.17,USD 10324909.98,Real Estate,US
PLTR,PALANTIR TECHNOLOGIES INC CLASS A,0.07,USD 4265235.40,Information Technology,US
PLUG,PLUG POWER INC,0.02,USD 1125196.92,Industrials,US
PM,PHILIP MORRIS INTERNATIONAL INC,0.27,USD 16774368.00,Consumer Staples,US
PNC,PNC FINANCIAL SERVICES GROUP INC,0.14,USD 8550302.62,Financials,US
PNDORA.CO,PANDORA,0.02,USD 1468616.78,Consumer Discretionary,DK
PNR,PENTAIR,0.02,USD 1188014.52,Industrials,IE
PNW,PINNACLE WEST CORP,0.01,USD 854482.94,Utilities,US
PODD,INSULET CORP,0.03,USD 1785944.32,Health Care,US
POLI.TA,BANK HAPOALIM BM,0.01,USD 893609.57,Financials,IL
POOL,POOL CORP,0.03,USD 1723942.95,Consumer Discretionary,US
POW.TO,POWER CORPORATION OF CANADA,0.03,USD 1858836.33,Financials,CA
PPD,PPD INC,0.01,USD 558292.80,Health Care,US
PPG,PPG INDUSTRIES INC,0.06,USD 3537314.41,Materials,US
PPL,PPL CORP,0.04,USD 2461707.06,Utilities,US
PPL.TO,PEMBINA PIPELINE CORP,0.03,USD 1757501.71,Energy,CA
PROX.BR,PROXIMUS NV,0,USD 290805.08,Communication,BE
PRU,PRUDENTIAL FINANCIAL INC,0.07,USD 4033532.80,Financials,US
PRU.L,PRUDENTIAL PLC,0.09,USD 5514324.27,Financials,GB
PRX.AS,PROSUS NV,0.13,USD 7847462.09,Consumer Discretionary,NL
PRY.MI,PRYSMIAN,0.01,USD 902977.90,Industrials,IT
PSA,PUBLIC STORAGE REIT,0.09,USD 5395245.86,Real Estate,US
PSN.L,PERSIMMON PLC,0.02,USD 1126956.41,Consumer Discretionary,GB
PSON.L,PEARSON PLC,0.01,USD 777298.75,Communication,GB
PST.MI,POSTE ITALIANE,0.01,USD 790456.03,Financials,IT
PSX,PHILLIPS,0.05,USD 2961709.62,Energy,US
PTC,PTC INC,0.02,USD 1219197.60,Information Technology,US
PTON,PELOTON INTERACTIVE CLASS A INC,0.05,USD 3112225.48,Consumer Discretionary,US
PUB.PA,PUBLICIS GROUPE SA,0.02,USD 1348937.55,Communication,FR
PUM.DE,PUMA,0.02,USD 1256477.89,Consumer Discretionary,DE
PXD,PIONEER NATURAL RESOURCE,0.05,USD 3351692.50,Energy,US
PYPL,PAYPAL HOLDINGS INC,0.52,USD 32464481.21,Information Technology,US
QAN.AX,QANTAS AIRWAYS LTD,0,USD 277561.28,Industrials,AU
QBE.AX,QBE INSURANCE GROUP LTD,0.02,USD 1170722.13,Financials,AU
QBR.B.TO,QUEBECOR INC CLASS B,0.01,USD 329486.36,Communication,CA
QCOM,QUALCOMM INC,0.26,USD 16033213.44,Information Technology,US
QIA.AS,QIAGEN NV,0.02,USD 1319039.17,Health Care,NL
QRVO,QORVO INC,0.03,USD 1979369.82,Information Technology,US
QSR.TO,RESTAURANTS BRANDS INTERNATIONAL I,0.03,USD 2045017.85,Consumer Discretionary,CA
RAA.DE,RATIONAL AG,0.01,USD 492658.70,Industrials,DE
RACE,FERRARI NV,0.05,USD 3011014.11,Consumer Discretionary,NL
RAND.AS,RANDSTAD HOLDING,0.01,USD 867189.34,Industrials,NL
RBA.TO,RITCHIE BROS AUCTIONEERS INC,0.01,USD 669959.73,Industrials,CA
RBI.VI,RAIFFEISEN BANK INTERNATIONAL AG,0,USD 281975.76,Financials,AT
RCI.B.TO,ROGERS COMMUNICATIONS NON-VOTING I,0.03,USD 1658040.87,Communication,CA
RCL,ROYAL CARIBBEAN GROUP LTD,0.03,USD 1848372.00,Consumer Discretionary,LR
RCO.PA,REMY COINTREAU SA,0.01,USD 556586.26,Consumer Staples,FR
RDSA.L,ROYAL DUTCH SHELL PLC,0.14,USD 8870002.85,Energy,GB
RDSB.L,ROYAL DUTCH SHELL PLC CLASS B,0.13,USD 7852576.16,Energy,GB
RE,EVEREST RE GROUP LTD,0.02,USD 1048274.43,Financials,BM
REA.AX,REA GROUP LTD,0.01,USD 764031.38,Communication,AU
REC.MI,RECORDATI INDUSTRIA CHIMICA E FARM,0.01,USD 624062.46,Health Care,IT
REE.MC,RED ELECTRICA SA,0.02,USD 1404489.76,Utilities,ES
REG,REGENCY CENTERS REIT CORP,0.02,USD 1026506.25,Real Estate,US
REGN,REGENERON PHARMACEUTICALS INC,0.11,USD 6801664.00,Health Care,US
REH.AX,REECE LTD,0.01,USD 500946.76,Industrials,AU
REI-UN.TO,RIOCAN REAL ESTATE INVESTMENT TRUS,0,USD 297528.51,Real Estate,CA
REL.L,RELX PLC,0.1,USD 6058537.78,Industrials,GB
REP.MC,REPSOL SA,0.03,USD 2050060.91,Energy,ES
RF,REGIONS FINANCIAL CORP,0.04,USD 2218530.60,Financials,US
RF.PA,EURAZEO,0.01,USD 447742.31,Financials,FR
RHC.AX,RAMSAY HEALTH CARE LTD,0.02,USD 1010635.10,Health Care,AU
RHI,ROBERT HALF,0.02,USD 1251499.82,Industrials,US
RI.PA,PERNOD RICARD SA,0.07,USD 4529089.97,Consumer Staples,FR
RIO.AX,RIO TINTO LTD,0.05,USD 2822363.67,Materials,AU
RIO.L,RIO TINTO PLC,0.14,USD 8403166.54,Materials,GB
RJF,RAYMOND JAMES INC,0.03,USD 1661988.90,Financials,US
RKT.L,RECKITT BENCKISER GROUP PLC,0.1,USD 5917108.06,Consumer Staples,GB
RMD,RESMED INC,0.07,USD 4155038.94,Health Care,US
RMS.PA,HERMES INTERNATIONAL,0.08,USD 5128033.63,Consumer Discretionary,FR
RNG,RINGCENTRAL INC CLASS A,0.03,USD 1584340.32,Information Technology,US
RNO.PA,RENAULT SA,0.01,USD 747494.56,Consumer Discretionary,FR
RNR,RENAISSANCERE HOLDING LTD,0.01,USD 825084.69,Financials,BM
RO.SW,ROCHE HOLDING AG,0.02,USD 1403103.95,Health Care,CH
ROCK-B.CO,ROCKWOOL INTERNATIONAL B,0.01,USD 533411.32,Industrials,DK
ROG.SW,ROCHE HOLDING PAR AG,0.44,USD 27051768.26,Health Care,CH
ROK,ROCKWELL AUTOMATION INC,0.06,USD 4021384.53,Industrials,US
ROKU,ROKU INC CLASS A,0.06,USD 3674319.44,Communication,US
ROL,ROLLINS INC,0.01,USD 819404.40,Industrials,US
ROP,ROPER TECHNOLOGIES INC,0.08,USD 5116919.60,Industrials,US
ROST,ROSS STORES INC,0.07,USD 4351664.31,Consumer Discretionary,US
RPM,RPM INTERNATIONAL INC,0.02,USD 1070751.14,Materials,US
RPRX.L,ROYALTY PHARMA PLC CLASS A,0.01,USD 734529.65,Health Care,GB
RR.L,ROLLS-ROYCE HOLDINGS PLC,0.02,USD 1196354.08,Industrials,GB
RSG,REPUBLIC SERVICES INC,0.04,USD 2719452.96,Industrials,US
RTO.L,RENTOKIL INITIAL PLC,0.02,USD 1442290.42,Industrials,GB
RTX,RAYTHEON TECHNOLOGIES CORP,0.21,USD 13213155.69,Industrials,US
RUN,SUNRUN INC,0.02,USD 1114565.09,Industrials,US
RWE.DE,RWE AG,0.04,USD 2694977.79,Utilities,DE
RY.TO,ROYAL BANK OF CANADA,0.25,USD 15198422.04,Financials,CA
RYM.NZ,RYMAN HEALTHCARE LTD,0.01,USD 377162.94,Health Care,NZ
S32.AX,SOUTH32 LTD,0.02,USD 1259914.17,Materials,AU
S63.SI,SINGAPORE TECHNOLOGIES ENGINEERING,0.01,USD 454788.96,Industrials,SG
S68.SI,SINGAPORE EXCHANGE LTD,0.01,USD 429106.64,Financials,SG
SAF.PA,SAFRAN SA,0.07,USD 4094180.93,Industrials,FR
SAM,BOSTON BEER INC CLASS A,0.01,USD 496454.40,Consumer Staples,US
SAMPO.HE,SAMPO,0.04,USD 2755532.60,Financials,FI
SAN.MC,BANCO SANTANDER SA,0.11,USD 6573378.36,Financials,ES
SAN.PA,SANOFI SA,0.18,USD 10962649.21,Health Care,FR
SAND.ST,SANDVIK,0.05,USD 2852037.86,Industrials,SE
SAP.DE,SAP,0.25,USD 15746147.45,Information Technology,DE
SAP.TO,SAPUTO INC,0.01,USD 600340.95,Consumer Staples,CA
SBAC,SBA COMMUNICATIONS REIT CORP CLASS,0.07,USD 4286492.14,Real Estate,US
SBRY.L,SAINSBURY(J) PLC,0.01,USD 596675.71,Consumer Staples,GB
SBUX,STARBUCKS CORP,0.22,USD 13766888.32,Consumer Discretionary,US
SCA-B.ST,SVENSKA CELLULOSA B,0.02,USD 980114.55,Materials,SE
SCG.AX,SCENTRE GROUP,0.02,USD 1234458.70,Real Estate,AU
SCHA.OL,SCHIBSTED CLASS A,0.01,USD 503479.11,Communication,NO
SCHB.OL,SCHIBSTED B,0.01,USD 491294.09,Communication,NO
SCHN.SW,SCHINDLER HOLDING AG,0.01,USD 614123.48,Industrials,CH
SCHP.SW,SCHINDLER HOLDING PAR AG,0.02,USD 1180748.84,Industrials,CH
SCHW,CHARLES SCHWAB CORP,0.17,USD 10241900.20,Financials,US
SCMN.SW,SWISSCOM AG,0.03,USD 1726617.42,Communication,CH
SCR.PA,SCOR,0.01,USD 458731.47,Financials,FR
SDR.L,SCHRODERS PLC,0.01,USD 622466.72,Financials,GB
SE,SEA ADS REPRESENTING LTD CLASS A,0.03,USD 2058469.14,Communication,US
SEB-A.ST,SKANDINAVISKA ENSKILDA BANKEN,0.04,USD 2377769.57,Financials,SE
SECU-B.ST,SECURITAS B,0.01,USD 559548.76,Industrials,SE
SEDG,SOLAREDGE TECHNOLOGIES INC,0.02,USD 1533345.60,Information Technology,US
SEE,SEALED AIR CORP,0.01,USD 854646.09,Materials,US
SEIC,SEI INVESTMENTS,0.01,USD 831414.69,Financials,US
SEK.AX,SEEK LTD,0.01,USD 611976.63,Communication,AU
SEV.PA,SUEZ SA,0.01,USD 748464.37,Utilities,FR
SGE.L,SAGE GROUP PLC,0.02,USD 1316229.91,Information Technology,GB
SGEN,SEAGEN INC,0.03,USD 2051085.74,Health Care,US
SGO.PA,COMPAGNIE DE SAINT GOBAIN SA,0.07,USD 4078002.33,Industrials,FR
SGP.AX,STOCKLAND STAPLED UNITS LTD,0.02,USD 1138684.15,Real Estate,AU
SGRE.MC,SIEMENS GAMESA RENEWABLE ENERGY SA,0.01,USD 619587.38,Industrials,ES
SGRO.L,SEGRO REIT PLC,0.03,USD 1957536.47,Real Estate,GB
SGSN.SW,SGS SA,0.03,USD 1863036.50,Industrials,CH
SHB-A.ST,SVENSKA HANDELSBANKEN-A SHS,0.03,USD 1554713.69,Financials,SE
SHL.AX,SONIC HEALTHCARE LTD,0.02,USD 1250892.56,Health Care,AU
SHL.DE,SIEMENS HEALTHINEERS AG,0.03,USD 1874725.05,Health Care,DE
SHOP.TO,SHOPIFY SUBORDINATE VOTING INC CLA,0.28,USD 17335976.44,Information Technology,CA
SHW,SHERWIN WILLIAMS,0.12,USD 7689747.03,Materials,US
SIE.DE,SIEMENS N AG,0.22,USD 13561748.24,Industrials,DE
SIKA.SW,SIKA AG,0.08,USD 5122007.07,Materials,CH
SINCH.ST,SINCH,0.02,USD 1102804.89,Information Technology,SE
SIRI,SIRIUS XM HOLDINGS INC,0.01,USD 639346.08,Communication,US
SIVB,SVB FINANCIAL GROUP,0.06,USD 3470153.56,Financials,US
SJM,JM SMUCKER,0.02,USD 1377792.91,Consumer Staples,US
SJR.B.TO,SHAW COMMUNICATIONS INC CLASS B,0.02,USD 1541701.23,Communication,CA
SK.PA,SEB SA,0.01,USD 371007.87,Consumer Discretionary,FR
SK3,SMURFIT KAPPA GROUP PLC,0.02,USD 1229396.70,Materials,IE
SKA-B.ST,SKANSKA B,0.02,USD 1002634.10,Industrials,SE
SKF-B.ST,SKF B,0.01,USD 881456.19,Industrials,SE
SLB,SCHLUMBERGER NV,0.07,USD 4037722.36,Energy,AN
SLF.TO,SUN LIFE FINANCIAL INC,0.05,USD 3117109.16,Financials,CA
SLHN.SW,SWISS LIFE HOLDING AG,0.03,USD 1756464.89,Financials,CH
SMIN.L,SMITHS GROUP PLC,0.01,USD 722360.95,Industrials,GB
SN..L,SMITH AND NEPHEW PLC,0.03,USD 1678875.75,Health Care,GB
SNA,SNAP ON INC,0.02,USD 1230111.00,Industrials,US
SNAP,SNAP INC CLASS A,0.11,USD 7123323.96,Communication,US
SNOW,SNOWFLAKE CLASS A,0.1,USD 6402848.56,Information Technology,US
SNPS,SYNOPSYS INC,0.08,USD 5070253.74,Information Technology,US
SO,SOUTHERN,0.11,USD 7055346.83,Utilities,US
SOF.BR,SOFINA SA,0.01,USD 659462.38,Financials,BE
SOL.AX,WASHINGTON H SOUL PATTINSON & COMP,0.01,USD 554066.49,Energy,AU
SOLB.BR,SOLVAY SA,0.01,USD 920728.47,Materials,BE
SOON.SW,SONOVA HOLDING AG,0.04,USD 2422357.40,Health Care,CH
SPG,SIMON PROPERTY GROUP REIT INC,0.07,USD 4623430.95,Real Estate,US
SPGI,S&P GLOBAL INC,0.18,USD 11139619.55,Financials,US
SPK.NZ,SPARK NEW ZEALAND LTD,0.01,USD 661210.30,Communication,NZ
SPLK,SPLUNK INC,0.04,USD 2462979.84,Information Technology,US
SPSN.SW,SWISS PRIME SITE AG,0.01,USD 754703.64,Real Estate,CH
SPX.L,SPIRAX-SARCO ENGINEERING PLC,0.03,USD 1556299.34,Industrials,GB
SQ,SQUARE INC CLASS A,0.16,USD 9867656.80,Information Technology,US
SRE,SEMPRA,0.07,USD 4209746.32,Utilities,US
SREN.SW,SWISS RE AG,0.05,USD 2792137.52,Financials,CH
SRG.MI,SNAM,0.02,USD 1135736.18,Utilities,IT
SRT3.DE,SARTORIUS PREF AG,0.03,USD 1817702.40,Health Care,DE
SSE.L,SSE PLC,0.04,USD 2594331.21,Utilities,GB
SSNC,SS AND C TECHNOLOGIES HOLDINGS INC,0.03,USD 1629690.92,Information Technology,US
ST.L,SENSATA TECHNOLOGIES HOLDING PLC,0.02,USD 961462.76,Industrials,GB
STAN.L,STANDARD CHARTERED PLC,0.03,USD 1715326.99,Financials,GB
STE,STERIS,0.04,USD 2271267.36,Health Care,IE
STERV.HE,STORA ENSO CLASS R,0.02,USD 1007158.92,Materials,FI
STJ.L,ST JAMESS PLACE PLC,0.02,USD 1114595.38,Financials,GB
STLA.AS,STELLANTIS NV,0.07,USD 4420628.28,Consumer Discretionary,NL
STLD,STEEL DYNAMICS INC,0.03,USD 1557252.72,Materials,US
STM.AS,STMICROELECTRONICS NV,0.05,USD 3085967.55,Information Technology,NL
STMN.SW,STRAUMANN HOLDING AG,0.03,USD 2005113.42,Health Care,CH
STO.AX,SANTOS LTD,0.01,USD 675299.92,Energy,AU
STT,STATE STREET CORP,0.05,USD 3062693.20,Financials,US
STX,SEAGATE TECHNOLOGY HOLDINGS PLC,0.03,USD 2141562.15,Information Technology,IE
STZ,CONSTELLATION BRANDS INC CLASS A,0.06,USD 3885367.00,Consumer Staples,US
SU.PA,SCHNEIDER ELECTRIC,0.16,USD 10003599.71,Industrials,FR
SU.TO,SUNCOR ENERGY INC,0.05,USD 3062916.54,Energy,CA
SUI,SUN COMMUNITIES REIT INC,0.03,USD 1835198.10,Real Estate,US
SUN.AX,SUNCORP GROUP LTD,0.02,USD 1473313.54,Financials,AU
SVT.L,SEVERN TRENT PLC,0.02,USD 1053378.16,Utilities,GB
SW.PA,SODEXO SA,0.01,USD 754165.07,Consumer Discretionary,FR
SWED-A.ST,SWEDBANK,0.03,USD 1761398.18,Financials,SE
SWK,STANLEY BLACK & DECKER INC,0.05,USD 2875162.22,Industrials,US
SWKS,SKYWORKS SOLUTIONS INC,0.05,USD 3016403.28,Information Technology,US
SWMA.ST,SWEDISH MATCH,0.03,USD 1821191.71,Consumer Staples,SE
SY1.DE,SYMRISE AG,0.03,USD 1740159.83,Materials,DE
SYD.AX,SYDNEY AIRPORT STAPLED UNITS LTD,0.01,USD 844248.27,Industrials,AU
SYF,SYNCHRONY FINANCIAL,0.05,USD 3160057.68,Financials,US
SYK,STRYKER CORP,0.16,USD 9849242.40,Health Care,US
SYY,SYSCO CORP,0.06,USD 3811288.17,Consumer Staples,US
T,AT&T INC,0.33,USD 20215564.65,Communication,US
T.TO,TELUS CORP,0.02,USD 1291340.22,Communication,CA
TAH.AX,TABCORP HOLDINGS LTD,0.01,USD 697760.77,Consumer Discretionary,AU
TAP,MOLSON COORS BREWING CLASS B,0.01,USD 872349.24,Consumer Staples,US
TCL.AX,TRANSURBAN GROUP STAPLED UNITS,0.05,USD 2858485.88,Industrials,AU
TD.TO,TORONTO DOMINION,0.19,USD 12000770.84,Financials,CA
TDG,TRANSDIGM GROUP INC,0.05,USD 2978372.64,Industrials,US
TDOC,TELADOC HEALTH INC,0.03,USD 2155014.52,Health Care,US
TDY,TELEDYNE TECHNOLOGIES INC,0.03,USD 2061273.84,Information Technology,US
TECH,BIO TECHNE CORP,0.03,USD 2116971.08,Health Care,US
TECK-B.TO,TECK RESOURCES SUBORDINATE VOTING,0.02,USD 1240379.97,Materials,CA
TEF.MC,TELEFONICA SA,0.04,USD 2559643.33,Communication,ES
TEL.OL,TELENOR,0.02,USD 1273815.92,Communication,NO
TEL.SW,TE CONNECTIVITY LTD,0.08,USD 5034835.00,Information Technology,CH
TEL2-B.ST,TELE2 B,0.02,USD 982046.45,Communication,SE
TELIA.ST,TELIA COMPANY,0.02,USD 1171229.81,Communication,SE
TEMN.SW,TEMENOS AG,0.01,USD 869628.24,Information Technology,CH
TEN,TENARIS SA,0.01,USD 488296.49,Energy,LU
TEP.PA,TELEPERFORMANCE,0.04,USD 2538089.00,Industrials,FR
TER,TERADYNE INC,0.03,USD 1915710.79,Information Technology,US
TEVA.TA,TEVA PHARMACEUTICAL INDUSTRIES LTD,0.02,USD 1071663.06,Health Care,IL
TFC,TRUIST FINANCIAL CORP,0.13,USD 7784423.64,Financials,US
TFX,TELEFLEX INC,0.03,USD 1755622.39,Health Care,US
TGT,TARGET CORP,0.2,USD 12548796.00,Consumer Discretionary,US
TIH.TO,TOROMONT INDUSTRIES LTD,0.01,USD 494271.67,Industrials,CA
TIT.MI,TELECOM ITALIA,0.01,USD 424680.40,Communication,IT
TITR.MI,TELECOM ITALIA SAVING,0.01,USD 347681.63,Communication,IT
TJX,TJX INC,0.14,USD 8835702.12,Consumer Discretionary,US
TKWY.AS,JUST EAT TAKEAWAY.COM NV,0.03,USD 1613910.45,Consumer Discretionary,NL
TLS.AX,TELSTRA CORPORATION LTD,0.02,USD 1200432.28,Communication,AU
TMO,THERMO FISHER SCIENTIFIC INC,0.36,USD 22458726.24,Health Care,US
TMUS,T MOBILE US INC,0.13,USD 8086353.59,Communication,US
TMV.DE,TEAMVIEWER AG,0.01,USD 701237.73,Information Technology,DE
TRI.TO,THOMSON REUTERS CORP,0.04,USD 2524212.55,Industrials,CA
TRMB,TRIMBLE INC,0.04,USD 2367527.80,Information Technology,US
TRN.MI,TERNA RETE ELETTRICA NAZIONALE,0.02,USD 1129169.28,Utilities,IT
TROW,T ROWE PRICE GROUP INC,0.08,USD 5243521.36,Financials,US
TRP.TO,TC ENERGY CORP,0.08,USD 4909059.89,Energy,CA
TRU,TRANSUNION,0.04,USD 2628685.54,Industrials,US
TRV,TRAVELERS COMPANIES INC,0.07,USD 4396009.26,Financials,US
TRYG.CO,TRYG,0.01,USD 611982.69,Financials,DK
TSCO,TRACTOR SUPPLY,0.04,USD 2655451.43,Consumer Discretionary,US
TSCO.L,TESCO PLC,0.04,USD 2701376.23,Consumer Staples,GB
TSLA,TESLA INC,1.02,USD 63519953.20,Consumer Discretionary,US
TSN,TYSON FOODS INC CLASS A,0.04,USD 2434223.61,Consumer Staples,US
TT,TRANE TECHNOLOGIES PLC,0.08,USD 4898240.06,Industrials,IE
TTD,TRADE DESK INC CLASS A,0.05,USD 2930389.96,Information Technology,US
TTE.PA,TOTALENERGIES,0.19,USD 11913897.82,Energy,FR
TTWO,TAKE TWO INTERACTIVE SOFTWARE INC,0.03,USD 1612864.47,Communication,US
TW,TRADEWEB MARKETS INC CLASS A,0.01,USD 645682.44,Financials,US
TW.L,TAYLOR WIMPEY PLC,0.02,USD 1169876.07,Consumer Discretionary,GB
TWE.AX,TREASURY WINE ESTATES LTD,0.01,USD 594196.37,Consumer Staples,AU
TWLO,TWILIO INC CLASS A,0.1,USD 5890610.46,Information Technology,US
TWTR,TWITTER INC,0.08,USD 5106438.00,Communication,US
TXG,10X GENOMICS INC CLASS A,0.02,USD 1063849.95,Health Care,US
TXN,TEXAS INSTRUMENT INC,0.3,USD 18486000.00,Information Technology,US
TXT,TEXTRON INC,0.03,USD 1784892.72,Industrials,US
TYL,TYLER TECHNOLOGIES INC,0.03,USD 2112370.89,Information Technology,US
U,UNITY SOFTWARE INC,0.02,USD 1032738.66,Information Technology,US
U11.SI,UNITED OVERSEAS BANK LTD,0.04,USD 2313602.39,Financials,SG
UBER,UBER TECHNOLOGIES INC,0.08,USD 4981466.88,Industrials,US
UBI.PA,UBISOFT ENTERTAINMENT SA CAT A,0.01,USD 609707.93,Communication,FR
UBSG.SW,UBS GROUP AG,0.1,USD 6430840.72,Financials,CH
UCB.BR,UCB SA,0.02,USD 1458708.78,Health Care,BE
UCG.MI,UNICREDIT,0.04,USD 2428935.89,Financials,IT
UDR,UDR REIT INC,0.02,USD 1475375.00,Real Estate,US
UGI,UGI CORP,0.02,USD 1011305.40,Utilities,US
UHAL,AMERCO,0.01,USD 600106.28,Industrials,US
UHR.SW,THE SWATCH GROUP AG,0.01,USD 742716.64,Consumer Discretionary,CH
UHRN.SW,THE SWATCH GROUP AG,0,USD 248100.96,Consumer Discretionary,CH
UHS,UNIVERSAL HEALTH SERVICES INC CLAS,0.02,USD 1139010.32,Health Care,US
ULTA,ULTA BEAUTY INC,0.04,USD 2303323.11,Consumer Discretionary,US
ULVR.L,UNILEVER PLC,0.24,USD 14598430.33,Consumer Staples,GB
UMI.BR,UMICORE SA,0.02,USD 1220134.46,Materials,BE
UN01.DE,UNIPER,0.01,USD 834757.06,Utilities,DE
UNH,UNITEDHEALTH GROUP INC,0.66,USD 40822182.96,Health Care,US
UNP,UNION PACIFIC CORP,0.23,USD 14271560.25,Industrials,US
UPM.HE,UPM-KYMMENE,0.03,USD 2057460.22,Materials,FI
UPS,UNITED PARCEL SERVICE INC CLASS B,0.23,USD 14074913.25,Industrials,US
URI,UNITED RENTALS INC,0.04,USD 2481382.40,Industrials,US
URW.PA,UNIBAIL RODAMCO WE STAPLED UNITS,0.02,USD 1099556.33,Real Estate,FR
USB,US BANCORP,0.13,USD 8207484.40,Financials,US
UTDI.DE,UNITED INTERNET AG,0.01,USD 495767.88,Communication,DE
UU..L,UNITED UTILITIES GROUP PLC,0.02,USD 947051.73,Utilities,GB
V,VISA INC CLASS A,0.63,USD 39062230.73,Information Technology,US
V03.SI,VENTURE CORPORATION LTD,0.01,USD 332241.61,Information Technology,SG
VCX.AX,VICINITY CENTRES,0.01,USD 553081.26,Real Estate,AU
VEEV,VEEVA SYSTEMS INC CLASS A,0.07,USD 4089952.30,Health Care,US
VER,VEREIT INC,0.01,USD 830418.12,Real Estate,US
VER.VI,VERBUND AG,0.01,USD 929136.27,Utilities,AT
VFC,VF CORP,0.04,USD 2379005.92,Consumer Discretionary,US
VIAC,VIACOMCBS INC CLASS B,0.04,USD 2317762.81,Communication,US
VICI,VICI PPTYS INC,0.02,USD 1520209.15,Real Estate,US
VIE.PA,VEOLIA ENVIRON. SA,0.04,USD 2330055.57,Utilities,FR
VIFN.SW,VIFOR PHARMA AG,0.01,USD 525018.82,Health Care,CH
VIV.PA,VIVENDI,0.04,USD 2747140.99,Communication,FR
VLO,VALERO ENERGY CORP,0.05,USD 2810912.13,Energy,US
VMC,VULCAN MATERIALS,0.04,USD 2453219.60,Materials,US
VMW,VMWARE CLASS A INC,0.02,USD 1185432.60,Information Technology,US
VNA.DE,VONOVIA SE,0.06,USD 3426394.85,Real Estate,DE
VNO,VORNADO REALTY TRUST REIT,0.01,USD 634551.24,Real Estate,US
VOD.L,VODAFONE GROUP PLC,0.07,USD 4487993.48,Communication,GB
VOE.VI,VOESTALPINE AG,0.01,USD 497220.65,Materials,AT
VOLV-A.ST,VOLVO CLASS A,0.01,USD 466347.74,Industrials,SE
VOLV-B.ST,VOLVO CLASS B,0.06,USD 3412513.45,Industrials,SE
VOW.DE,VOLKSWAGEN AG,0.02,USD 962466.08,Consumer Discretionary,DE
VOW3.DE,VOLKSWAGEN NON-VOTING PREF AG,0.07,USD 4440480.28,Consumer Discretionary,DE
VOYA,VOYA FINANCIAL INC,0.01,USD 732277.04,Financials,US
VPK.AS,KONINKLIJKE VOPAK NV,0.01,USD 358608.02,Energy,NL
VRSK,VERISK ANALYTICS INC,0.05,USD 3240230.40,Industrials,US
VRSN,VERISIGN INC,0.04,USD 2511151.19,Information Technology,US
VRTX,VERTEX PHARMACEUTICALS INC,0.08,USD 5026320.04,Health Care,US
VST,VISTRA CORP,0.01,USD 609386.68,Utilities,US
VTR,VENTAS REIT INC,0.03,USD 2136288.00,Real Estate,US
VTRS,VIATRIS INC,0.03,USD 1713860.98,Health Care,US
VWS.CO,VESTAS WIND SYSTEMS,0.06,USD 3909417.93,Industrials,DK
VZ,VERIZON COMMUNICATIONS INC,0.38,USD 23264882.67,Communication,US
W,WAYFAIR INC CLASS A,0.03,USD 2107826.40,Consumer Discretionary,US
WAB,WESTINGHOUSE AIR BRAKE TECHNOLOGIE,0.03,USD 1924675.14,Industrials,US
WAT,WATER CORP,0.04,USD 2580762.48,Health Care,US
WBA,WALGREEN BOOTS ALLIANCE INC,0.06,USD 3659561.92,Consumer Staples,US
WBC.AX,WESTPAC BANKING CORPORATION CORP,0.11,USD 6789782.72,Financials,AU
WCN.TO,WASTE CONNECTIONS INC,0.06,USD 3510611.88,Industrials,CA
WDAY,WORKDAY INC CLASS A,0.08,USD 4867554.30,Information Technology,US
WDC,WESTERN DIGITAL CORP,0.03,USD 1633493.88,Information Technology,US
WEC,WEC ENERGY GROUP INC,0.05,USD 2951817.56,Utilities,US
WEED.TO,CANOPY GROWTH CORP,0.01,USD 391056.43,Health Care,CA
WELL,WELLTOWER INC,0.06,USD 3728976.48,Real Estate,US
WES.AX,WESFARMERS LTD,0.08,USD 4863470.16,Consumer Discretionary,AU
WFC,WELLS FARGO,0.32,USD 20040555.04,Financials,US
WFG.TO,WEST FRASER TIMBER LTD,0.01,USD 681398.60,Materials,CA
WHR,WHIRLPOOL CORP,0.02,USD 1350767.59,Consumer Discretionary,US
WIX.TA,WIX.COM LTD,0.02,USD 1219049.22,Information Technology,IL
WKL.AS,WOLTERS KLUWER NV,0.05,USD 3323123.74,Industrials,NL
WLN.PA,WORLDLINE SA,0.03,USD 2023541.91,Information Technology,FR
WLTW,WILLIS TOWERS WATSON PLC,0.05,USD 3265966.25,Financials,IE
WM,WASTE MANAGEMENT INC,0.11,USD 6730530.61,Industrials,US
WMB,WILLIAMS INC,0.05,USD 3138699.00,Energy,US
WMT,WALMART INC,0.37,USD 23166016.65,Consumer Staples,US
WN.TO,GEORGE WESTON LTD,0.01,USD 834183.13,Consumer Staples,CA
WOW.AX,WOOLWORTHS GROUP LTD,0.06,USD 3543756.25,Consumer Staples,AU
WPC,W. P. CAREY REIT INC,0.02,USD 1324504.82,Real Estate,US
WPL.AX,WOODSIDE PETROLEUM LTD,0.03,USD 1578299.12,Energy,AU
WPM.TO,WHEATON PRECIOUS METALS CORP,0.04,USD 2272328.26,Materials,CA
WPP,WPP PLC,0.03,USD 1664011.72,Communication,JE
WRB,WR BERKLEY CORP,0.02,USD 1068682.83,Financials,US
WRK,WESTROCK,0.02,USD 1457247.84,Materials,US
WRT1V.HE,WARTSILA,0.01,USD 569935.03,Industrials,FI
WSP.TO,WSP GLOBAL INC,0.02,USD 1297354.79,Industrials,CA
WST,WEST PHARMACEUTICAL SERVICES INC,0.05,USD 3016750.83,Health Care,US
WTB.L,WHITBREAD PLC,0.01,USD 759740.09,Consumer Discretionary,GB
WTC.AX,WISETECHGLOBAL PTY LTD,0.01,USD 726152.13,Information Technology,AU
WTRG,ESSENTIAL UTILITIES INC,0.02,USD 987749.77,Utilities,US
WU,WESTERN UNION,0.02,USD 972293.08,Information Technology,US
WY,WEYERHAEUSER REIT,0.04,USD 2580415.68,Real Estate,US
WYNN,WYNN RESORTS LTD,0.01,USD 851779.76,Consumer Discretionary,US
X.TO,TMX GROUP LTD,0.01,USD 546581.43,Financials,CA
XEL,XCEL ENERGY INC,0.05,USD 3355163.35,Utilities,US
XLNX,XILINX INC,0.07,USD 4030294.72,Information Technology,US
XOM,EXXON MOBIL CORP,0.4,USD 24644425.26,Energy,US
XRAY,DENTSPLY SIRONA INC,0.02,USD 1287845.75,Health Care,US
XRO.NZ,XERO LTD,0.03,USD 1673188.81,Information Technology,NZ
XYL,XYLEM INC,0.04,USD 2400346.02,Industrials,US
Y,ALLEGHANY CORP,0.02,USD 1015209.80,Financials,US
YAR.OL,YARA INTERNATIONAL,0.01,USD 819717.53,Materials,NO
YRI.TO,YAMANA GOLD INC,0,USD 261620.07,Materials,CA
YUM,YUM BRANDS INC,0.06,USD 3800220.24,Consumer Discretionary,US
Z,ZILLOW GROUP INC CLASS C,0.02,USD 1241420.98,Communication,US
Z74.SI,SINGAPORE TELECOMMUNICATIONS LTD,0.02,USD 1436164.06,Communication,SG
ZAL.DE,ZALANDO,0.04,USD 2177634.49,Consumer Discretionary,DE
ZBH,ZIMMER BIOMET HOLDINGS INC,0.05,USD 3000797.52,Health Care,US
ZBRA,ZEBRA TECHNOLOGIES CORP CLASS A,0.05,USD 2888051.58,Information Technology,US
ZEN,ZENDESK INC,0.02,USD 1367366.07,Information Technology,US
ZG,ZILLOW GROUP INC CLASS A,0.01,USD 576026.36,Communication,US
ZM,ZOOM VIDEO COMMUNICATIONS INC CLAS,0.1,USD 6006941.52,Information Technology,US
ZS,ZSCALER INC,0.03,USD 2035760.80,Information Technology,US
ZTS,ZOETIS INC CLASS A,0.16,USD 10049721.08,Health Care,US
ZURN.SW,ZURICH INSURANCE GROUP AG,0.11,USD 6819639.99,Financials,CH
